wake,estimatedSleep,coffee,actualSleep
35954,4.860113022462025,6.659530429201542,23511
9770,7.624625776014463,5.15593781834911,32214
28609,4.619415666990657,1.0014246395566309,17936
30881,9.677910259600889,5.459389397935313,39856
22118,4.5322460100806685,0.53132453523993,17232
3172,4.180090458812956,1.022824871284085,16375
12835,5.159114526926434,3.046638621342858,21583
38247,9.624300374370407,5.4442803758448886,39649
9515,9.194567298715857,0.4545014519535802,33954
27529,9.412801712171053,4.0272485452926725,37709
26596,8.767417314520209,1.5208255842501757,33300
34571,5.129272725958538,0.2647421533299523,19157
37679,5.832202660268007,0.04839349605350387,21507
30882,9.557112156181589,0.09469940488936762,34956
12153,6.493166786811455,8.446085366787537,30879
34422,9.15635501840734,1.2158495608417506,34446
22502,8.447725224713686,4.638622074473909,34746
15087,9.015814955420677,8.428686983181576,39946
7139,6.500139233889857,2.4348309162709305,25902
37587,8.431168627180968,2.7961845253539646,33149
12815,9.396382413595791,2.0738945154798363,36027
35805,8.346314058869561,0.38557316356009264,30839
8834,8.65682435895851,4.24941030901545,35176
2766,8.229303002371722,2.6614176163323604,32316
27598,7.312025264427549,1.4971485050147506,28041
37128,7.741012326717906,3.803264951944019,31504
27443,8.590629895460095,8.136914192808035,38171
21230,7.81157911855642,6.72308554980736,34190
26654,7.525781545754055,1.127514853359237,28504
23848,8.379386677412771,1.6666278032402542,32026
27506,9.320177772584609,1.603371126038025,35359
9899,8.04477614829954,4.407103574771294,33104
29975,6.311750638831981,1.9299676215551544,24801
20787,6.934197738388401,2.7173505217348914,27698
6058,8.581055604299284,1.0182193509204072,32214
33841,5.904162610065947,0.8105644459596762,22401
898,6.96501956396791,2.337686454252142,27496
11022,7.388123276489021,1.740121208522664,28520
19521,7.221022500545746,0.67359258765405,27030
14451,4.484451924184949,1.8897769454286861,18192
29910,4.02318602842139,1.4984698616279795,16203
13028,8.286975955053432,3.4508423899037495,33180
2684,8.232680399547153,4.667046515966414,33998
30386,6.38130936385085,9.160849856954892,31069
14843,5.4157011652609786,20.68799770889334,37189
5489,7.017265607886483,0.4451123879650049,26108
823,7.681770930358377,1.6748855785781065,29524
19756,7.189821188491217,1.203013348486996,27357
19811,5.94111218242307,1.2764427054715355,22925
12902,6.61105754175607,11.560051101217322,33895
10431,4.535240331318002,3.552660512580905,19759
23583,6.060660781592253,0.025843584942805146,22312
10222,9.116545564228884,0.11679049617607681,33391
25998,9.307163642863626,2.1796840150146486,35793
38412,4.193835213831088,11.765595086097322,25361
9894,6.4177863409748666,0.23654121496651187,23775
26330,9.396863258983082,20.67108858870964,51505
39938,9.28498152018255,2.5233837776206114,35996
10971,6.680605925321337,6.4969937358159475,29932
31984,5.439412526264739,3.38013780272425,22867
1389,6.879690182208863,1.6367866189801772,26605
969,4.385010994082387,3.933687032830427,19537
32683,9.958993313776666,0.3084031563308615,36581
8766,9.434836673090809,0.23245226530610658,34633
1377,9.842855461784772,2.2869349458662334,37814
20022,5.053738170054052,2.823875258968079,21018
2274,7.862729184036272,1.906204085691324,30368
29291,7.872058520887283,2.1540369619739597,30604
34929,6.481187312211557,0.5188830609516416,24235
24353,6.180460496219314,0.3846120938322586,23042
38661,4.892184828910224,0.2033099005088196,18252
26812,9.171360604426159,0.44802701124692784,33862
37040,5.77304533612018,1.2377854117296196,22285
38695,6.103723032716115,2.587885435203278,24597
17811,8.801340249343333,2.2234198311703337,34009
37912,7.911770214430038,1.473455496234498,30179
5922,4.56508338992661,1.9239951242190336,18511
15948,9.692954473632206,1.6241293435512367,36720
28268,7.316382927176666,2.214554400617001,28654
30265,4.066480673986543,8.024635335759102,21790
36324,4.899619198688999,0.9307958147838671,18885
31551,8.758690460105786,4.781137063728076,35982
33951,7.61780860841227,1.2988887573150336,28977
37100,6.96158613032382,7.504582242784798,31779
30827,6.295974800240454,0.0034523935552046663,23140
7276,8.096103169702513,4.761868383064693,33584
19589,9.78814291856202,0.18136602710721522,35861
16052,8.221157945177513,0.9632708521729514,30872
39297,5.9266399963967125,2.950379628089373,24262
6278,4.33167540301559,0.3451327381738844,16357
8833,7.125514574443621,2.88771281686958,28530
5405,9.188927834955267,1.2616633979926433,34606
39677,8.136628391568966,9.595462603361563,37749
1148,6.727015760528556,1.653679505197163,26070
23037,5.541722533840327,2.757925573013773,22718
34298,7.728104709733133,0.6448074956307372,28829
25179,8.273905711834548,3.3442309836902053,33042
11962,7.148114137144966,2.007462643763543,27879
239,6.005156432328762,6.168588030185592,27229
28481,8.14806823575185,6.688621259412774,35373
26506,6.158057290789149,7.479261341682047,28867
4067,8.722157936364663,1.0066217601152931,32713
36629,5.708529397699277,2.3216652261014947,22954
8931,8.243181333448362,5.874394651464011,35040
26577,4.063909055075122,6.308361709869063,20353
23393,5.682819965424844,6.707551204289998,26514
37441,5.667346174521353,11.272149922364921,30254
22629,5.120632723031221,0.11658886652941362,19004
23545,7.076611122251021,2.524747268159781,28049
31201,8.346483654016495,0.3304426023067434,30794
31968,7.303817748440262,1.703102516769148,28183
21939,5.240747567506725,7.937085264794224,25947
23464,7.352368486122358,0.46682020760140097,27330
12928,4.827133478520941,3.417700836548908,20697
28051,9.9305678780301,0.34392257642881086,36508
38985,9.087692457675175,4.201135476038205,36683
11210,5.929121197009696,13.792621878063066,33299
14778,6.807453666331149,0.35417626698087623,25275
24870,7.976246377260118,0.35986281985505447,29487
32148,7.368173729291724,7.00594495761041,32828
37717,5.297595190387267,2.7863546789886704,21862
13132,6.46838767656069,4.995328375071014,27918
15232,6.424581054755093,1.8932592284781493,25179
30469,5.854292449758606,0.011305426614481298,21557
38091,4.372866429430317,0.4972744255531284,16628
5396,6.552283028535009,2.0639700629911455,25781
1831,8.221747065383912,5.902548229355457,34986
5415,6.580893398879192,1.467355213334596,25389
29367,8.197761924451855,1.3570064446917172,31114
15264,7.496184400324291,4.246407079390005,30995
38832,5.570098329841943,8.041578625284792,27216
4263,4.327055549771368,0.45689360608677404,16434
8589,6.769592446737173,0.7037373514249734,25431
7344,7.404822968292185,2.32768662665082,29070
7828,5.825273356216033,2.385962846656461,23431
22600,9.968516999573573,7.367035871208351,42491
23930,6.0720568182742,4.496434924170765,26075
1306,5.1794187193704655,3.7039883035098535,22205
27878,9.761237320432805,2.101310335624835,37361
20813,9.682363089238903,3.2985803929408264,38075
15468,4.825122409068063,2.198836004728905,19675
15221,8.003208272775279,0.9785520214880299,30100
15474,7.6810706570781,1.0369832850330987,28989
2468,8.774867013843382,3.705084396649655,35149
7948,9.025661295535798,7.639360670929033,39325
19102,8.855502734366631,5.97339316811316,37324
21802,5.380878662794102,2.835454367002747,22205
37395,5.715271722379204,2.600646178697747,23211
7110,7.979096990215966,1.7896567175947449,30690
24246,5.701421482278532,0.3955707184687347,21327
16169,6.786943748313346,1.1428571579308942,25858
37306,4.0440465949182585,0.6847462793512987,15600
12150,6.196391353806872,0.03861885504269674,22814
26340,7.918980356216174,0.49640539980133025,29394
4661,5.910582903846033,3.78065392136511,24900
30812,8.715726312050913,0.4007381160159725,32182
24923,6.646720057902686,1.8024590955670994,25902
29442,8.362183610677826,3.3970395263114788,33403
27193,7.868415357192209,4.0976669426297585,32208
36074,7.387556390587515,3.0628302517338306,29615
31738,5.157970460257012,0.010022060157664702,19051
21274,9.658635093151617,0.6069887816258401,35749
10093,5.021679259894906,2.426346601047538,20572
23455,8.112969970623123,3.2009679988982542,32344
22832,5.485024628686404,6.789149478536065,25869
1808,4.152135676068972,1.6762812134565686,16820
34033,6.3279794380109164,0.4321673045739079,23612
2009,7.066487553428041,0.3924783978830573,26242
39649,4.560929553353869,0.10708408125780809,16979
8116,9.29717874479757,6.705319521214399,39525
29542,6.256246201934796,1.3448109237787738,24115
25296,7.559167449132627,4.904680864245119,31768
5446,9.011998834937703,3.4202700908267056,35765
3020,4.726126216006845,0.45380069726480665,17867
30070,9.40866203241185,2.1733254995471136,36151
39542,9.018482935566599,1.9840652674347878,34589
6380,7.689171187263896,1.9768789874111012,29802
34677,9.419649623897529,0.47057948071275724,34773
30652,4.01503785140253,5.0006796962596525,19089
30156,9.096121533783972,4.9974617631916205,37377
21991,5.573353934653864,2.378292197867117,22517
36574,6.276544440927214,18.471211076037502,38440
16440,8.383441205468511,3.4979841594767205,33565
2007,4.808425982307141,1.0380798375144888,18650
39916,8.94884950482663,4.06709734785974,36072
33388,7.379131066618144,1.129932790506802,27978
14818,8.213320272408827,4.809954470325219,34046
15253,5.085392858170145,0.15210424323313745,18909
39344,8.36557238597736,4.544248511622891,34369
3415,5.963032187606087,3.714562041766339,25035
9162,5.889440758542765,0.6354826758799811,22206
27571,9.332186012742937,2.95203052041262,36525
19830,8.421563342851648,1.4907558870249888,32032
7841,8.979675098741406,4.903905230712871,36884
4548,8.4871921149032,8.915246489464668,38449
1512,8.266355646468622,0.6432071128419725,30770
25863,9.152835777144638,1.130525466456554,34363
6962,6.2351330648426355,0.29136054858527566,23164
10581,9.258088445432493,1.9201576503466484,35402
1345,9.851369025241931,1.8640154960668784,37492
12106,9.699359417433822,4.015711605547997,38734
26209,6.881326860388281,0.346902559636808,25534
13475,8.607170668730332,7.58552963160595,37772
13461,6.497060428971932,4.5856826525623715,27681
21926,4.474346273778754,5.206896911008447,20915
33519,6.040271738066763,1.6416162146478712,23583
21160,9.362452481840858,11.65033905957217,43874
36516,5.9644683534457155,1.1902336338321498,22934
17548,6.855634849698113,1.80276753021364,26654
5291,9.183508979152181,11.111692079326346,42783
12965,8.521738559593958,1.6324400732432685,32511
2551,4.242888125528558,0.2901844914791866,15992
24906,6.490639896158978,7.505257360898391,30087
17495,5.767267549468637,2.0333724418576096,22929
34377,6.264537773169759,4.174757353571236,26498
30816,4.874786731066645,1.2131081224249023,19031
11776,9.906304220404934,0.40021216454371034,36469
6269,9.968191540896381,3.1151629478952407,38953
1503,5.4476491350684295,1.1582984859421002,21051
325,6.300734070371874,3.1454586543765783,25777
13561,5.0728870342299786,1.0136533794189169,19581
39721,4.53975883464506,0.4153917010498652,17160
8048,4.218429868004569,3.9782105678616033,18973
1347,4.534549621078531,0.6130286525262394,17311
14457,6.460793254218861,4.733261047127739,27672
32710,8.698333769758172,1.4166986167882836,32964
35488,5.129587783005114,6.729377607277744,24539
9708,9.809286179605447,0.3290800029321209,36062
7547,4.102041173111523,14.085731565322583,26967
36294,7.224076111906863,3.085117404729644,29046
13940,5.937211180869319,8.216026849424994,28685
12724,4.3495177311146085,5.204550285686415,20466
23005,7.937173543654559,1.3415725125333875,30163
15627,9.743179910152358,3.270605548221047,38270
16700,7.6825121847606175,1.7448142531585358,29583
13700,6.652270202092263,0.4533614883430875,24801
10267,4.710651447769762,4.260675169372421,20980
19741,7.786733924393387,0.6334258091623667,29034
22185,8.64155287848751,5.29598400418476,35991
10793,7.3755982734177366,3.2112421026734337,29699
22854,5.911104589868249,2.5223621684078474,23852
12722,7.842372135274515,1.3467045071114918,29827
32809,5.6055830166068334,0.057735290542834175,20700
34714,8.48327300819719,0.6119034230765148,31520
5685,5.305863568235377,1.5698541153589718,20883
36558,6.119738114086114,1.5089913921709348,23758
36041,4.098584789102999,2.826115233653479,17579
33074,4.941888050833328,5.005282734383565,22429
39986,9.465600137580825,6.725118982833946,40144
34114,8.708501666872891,4.662335671812539,35702
8311,8.791330699619802,1.8527320778803347,33665
32180,9.200611788063892,2.310203878102644,35517
4234,7.043311276546023,3.1089470038675797,28420
12602,5.912367875853181,13.57481794445357,33057
10749,5.508564939960988,3.3897267504778106,23128
1602,7.132677175140839,1.0171528411376656,27000
13003,8.843428875528149,0.9620942976836149,33111
25226,8.24157162735326,10.47397621117746,38859
17283,5.259497797924545,13.9044489744511,30981
28839,6.749357782895765,8.703940403999272,32014
18727,9.416490169715262,2.0374716913288102,36068
13693,8.415728020108853,1.4813017202147098,32004
2209,8.155313897917361,0.6922114662491737,30412
31483,4.893240874150111,2.880753782056217,20486
13714,6.827865792874801,0.9421540001422264,25839
27622,5.257510234904544,3.7185261648547403,22494
36868,7.41092441712467,0.7579106646847378,27781
20696,5.759167623625194,4.85358441580317,25246
19384,7.5185754013882296,2.088757000871013,29279
9230,7.931064150602008,0.042457797574666764,29062
37818,9.584135485962024,4.006773617106598,38309
35772,6.233886007814593,0.7596952378747206,23546
37335,5.491342023762203,1.9776655633973077,21886
24126,6.460482630797035,2.3002534928259872,25646
36380,9.572674446366573,7.480304935857173,41158
11021,5.9726444624253805,12.772671339895231,32607
39798,8.061243596571188,12.133557819789646,39589
25886,4.208452722554323,2.811350826490778,17963
36233,4.407105494432761,1.2433508492843577,17372
30058,5.306797273569232,2.20505936001048,21412
7761,7.226380929495329,1.4347011620301886,27684
30746,8.031084121074894,0.9874132208365639,30205
35712,9.081148890607942,0.03762342835057194,33194
27100,7.489132097511126,16.12877499221421,40856
39077,5.822072830130232,4.869831192698155,25483
8244,5.5883720861750685,0.17773859278460113,20742
29603,7.458861630433798,5.051886611516682,31528
8211,9.529492018286334,1.6738169097471396,36174
17086,7.609707231475688,5.521812802395811,32464
835,5.476767404995384,0.16398172214747328,20330
4223,4.177618765315993,4.022675924716444,18863
1298,9.34794647533371,4.6877797808781,38029
20823,4.583244017758138,8.003818851736332,23634
3962,4.356934623123492,11.88642766799708,26055
24591,7.8966371813437135,2.8940091353889184,31310
14272,8.075072242210407,1.1458162433190378,30499
25292,5.086659811738658,11.297788494059546,28189
2020,8.978909365731479,4.17508608452787,36274
5252,8.839614585587903,1.6995853096903362,33712
11521,5.854392121107461,4.031982442169987,24906
39923,9.5089795503189,11.173568104035786,44002
22161,9.782499439261866,1.1500181296134246,36647
16575,8.929552319548488,3.8784309948186397,35848
15437,7.905753355847745,1.1504670690666872,29893
33400,6.526342840528102,0.6035780495226621,24469
36146,4.454298892656416,0.6415505876827389,17041
37525,5.921266879860436,2.0341536161558755,23481
1764,8.898131276857843,4.237428552946488,36037
21995,6.071774071144732,11.655272035144382,32032
21262,4.098385087888556,1.503054363750388,16480
2883,7.781837950258796,3.8185223252584928,31669
35040,6.689712298623881,3.063952083610116,27105
36585,5.699488537863281,3.610936218915416,23994
3768,6.024658157523887,4.997317338985813,26324
33416,6.588385447370742,1.503447277266341,25441
9298,6.398614970727381,13.431955513429665,34689
9381,5.696858186841498,7.297029020111111,27058
23445,8.596407887751365,5.384031201903598,35901
25932,9.169496857162002,10.056862700347844,41853
8313,5.320950952792264,7.991481203818349,26282
8859,9.54495982629488,0.6752649586314703,35399
31190,8.302554256966104,1.8872112776028382,31931
23212,5.714499220804585,3.542489607604233,23994
10612,7.845314591513278,1.0193845348188364,29566
26704,6.647689366139978,2.367595975811708,26375
38634,5.9407302973998455,0.2529382788092419,22068
24867,6.046777323717668,4.50686766657129,25992
8418,7.257391760206131,1.0605089980343103,27484
33108,4.913313309329649,5.198733572694121,22486
7068,8.178022813872971,1.477571569706049,31146
2203,6.230598964561876,0.028920594989683482,22931
25879,8.120828235652779,1.1127755789447544,30633
13993,5.789348641945625,0.8662424220120443,22037
35566,7.625154706087752,0.858371541837805,28636
30916,5.005414905905835,1.2461841172035781,19529
26621,7.028011916007475,7.306062874795105,31854
32227,4.4887047376462155,7.193556724246414,22619
22941,7.208861425377314,0.1392168916497441,26541
18108,4.969557118371629,6.145397918313707,23479
9567,7.950144948201532,6.307368268835576,34345
21706,5.3664022456227745,1.6240551290849765,21144
268,6.689129433029079,0.5092882288730997,24980
35560,7.541138291599162,3.718601553384314,30714
22789,9.384957732653351,3.0858650041774927,36827
7477,5.581511245129606,1.313103593005573,21663
5496,6.285228441651643,1.5434845851134777,24387
29880,7.953433469148642,0.35798045123896954,29403
7134,8.239565688682578,0.2598117902007882,30354
873,5.189933637027692,1.5368684239556094,20440
8234,5.570063510626477,0.06936588641704246,20585
38663,7.345663579443406,1.3609000564500695,28048
35593,4.2238118188819636,1.7125642957367966,17103
20250,8.171879970040797,3.000514187762213,32390
8538,8.132580662731066,6.83650441787269,35442
25045,4.624443563338005,5.179690642702971,21433
7527,5.128229172110801,1.2966001244829757,20016
38551,7.010708575780386,1.5013140017797042,26959
29369,6.317341261199594,0.7065770633828466,23802
37751,9.233612381255101,2.084524128409183,35447
8785,8.605695935417035,1.0567998656441906,32335
1726,5.399834957285318,5.1696372839857245,24218
2141,6.97108343605511,1.3094684305506168,26662
10347,9.767976038488898,6.544618144338678,41086
3275,6.119499842044286,1.7576702034454619,23969
35014,8.965320045608276,4.941608236858012,36859
1240,8.292945074540334,1.131897069691556,31273
4936,5.2210216858798955,5.179170030911046,23582
1159,4.668532609892943,1.0959508545580827,18195
1481,6.483176255342453,0.38358163430514464,24135
6406,6.514584733361923,9.985645337942547,32240
31888,9.43238401526088,0.7337030022108736,35039
18325,8.334550289849343,6.643171385566305e-5,30477
37594,7.347468538042602,0.47818660922800654,27319
29522,6.905571794860896,7.859549811946765,31874
28069,9.40456611399145,4.703601716479278,38242
30519,7.030561114715606,0.4273151745401166,26137
34239,6.258288118675402,1.674971150662807,24395
6086,7.672217226338622,10.204109949242014,36588
35947,9.463351431438289,1.976037634238945,36183
32265,5.0797205373357714,0.6641244394979591,19312
34790,7.517327715270524,0.2978390486909372,27781
22279,9.620712274550815,0.2413185254367321,35308
20203,4.1537302067683255,11.560463928608048,25049
20915,6.482602570802509,1.5440733162238545,25096
18146,6.867966055104967,2.830681798702692,27554
16753,6.019205817909505,0.010443821033485753,22152
35482,7.005469936191068,0.29714157504868893,25939
30553,8.781295627268996,4.123465765332911,35516
39330,6.7539549157368794,2.3228224765430387,26719
12928,9.076944933364775,1.1035883338286636,34070
35776,5.94748366215237,1.7232695090380035,23317
38258,7.309723389942722,1.6005324272973613,28117
1381,8.149216379058984,0.6416122938469399,30346
9013,8.298310503643876,3.332280628141777,33122
2177,5.824426392281844,1.2273104811448452,22465
9882,5.236681869390082,8.747700218114797,26608
34657,6.373731726509407,2.369455583628399,25388
24306,6.177164875764318,3.040349360405044,25241
11479,4.60521784496967,4.346796242748039,20672
254,6.868289551701455,0.45539527706726257,25581
33998,5.06969038211268,4.9549176593885935,22846
22036,6.246840716167805,4.947704658576501,27079
29402,8.52156128692785,11.353095867519022,40598
6319,6.338494374581565,6.032070412517081,28314
17492,6.047590963959234,0.16527989007674282,22383
28526,7.36715140915063,8.02293828568781,33672
30829,9.420632113224638,0.8285183941596921,35076
38202,4.466438450600375,0.7600790852789191,17184
3880,9.760053615176066,3.641106856482978,38642
14880,8.63219144851864,5.240701168962585,35911
24547,5.337173558364043,2.444835482446783,21722
10860,4.902046340362361,1.0389680580149088,18987
3508,9.498764056801505,0.4171960948118534,35018
19954,9.824236338680482,1.1562341595030923,36802
36,4.723386013917831,1.3879594161252973,18636
38947,8.232295714417194,0.02286942377877226,30126
20011,5.91465157941829,1.4403914647918432,22965
28653,7.301301412214517,0.3292831401292953,27031
20302,9.240985967556828,5.6624759087043515,38453
708,7.325859388914276,8.178316533040803,33656
26130,4.847757864263,1.6222197826593565,19275
27630,4.626432347093029,3.812064121578512,20300
11003,9.5779125265235,0.22246142544070238,35140
27736,5.444889122051518,0.7182163341190406,20672
309,8.733788899202263,1.3160489982008796,33013
22788,6.840973650894246,1.9386440874301545,26715
32693,8.686237432805827,6.6640821577326435,37288
5126,6.671885148620565,5.464566294880191,29043
18154,6.724290381354229,2.6042049245961882,26849
2816,9.582880025420753,4.488315887711255,38710
36984,5.742713524378304,1.0280479334661319,22001
35631,7.678220768347967,5.101509786146018,32358
13876,7.237601673556405,1.9735819549635483,28172
3026,4.3844333289008,4.305133412531451,19843
30693,8.165260573220372,0.7640596464012784,30502
322,9.828269572395932,9.48787263144656,43754
27054,7.731508037275791,7.851264238006178,34841
28844,5.308227394175879,2.761579838037321,21881
39750,9.978656350828171,17.655661140729325,51088
29861,8.223598464422942,3.974666980397756,33385
26416,7.153298209398501,0.41089761728387775,26567
6791,8.438366220853755,4.986193247942353,35003
28731,8.036015372637003,4.205992625722719,32902
23929,8.470350918553848,1.7614979791313228,32432
24987,9.948971971270401,0.5669837450016876,36761
24674,8.513757413105411,6.549978444249621,36573
37078,4.495159979114479,3.915638993225683,19913
33295,7.813128578378025,7.67166573162361,34983
17522,8.824713588408047,2.4423832082617127,34275
25692,5.095132386810883,0.4325763260853689,19176
23249,6.62336542056175,0.27320721316977303,24544
16364,4.6607796699798385,0.11092205163957802,17345
6236,9.87439678099765,3.7329424512443588,39129
15875,7.432639728974427,1.0354221087123274,28094
34500,4.807635941476443,6.941711226913868,23557
4482,4.639412743418047,0.3291283247120715,17452
23632,6.237455654295505,2.417314770079713,24939
39933,6.5177807032607395,4.460171361922149,27646
31957,5.696757231687865,5.572408356120682,25619
6228,7.926299194953922,1.2709248007444833,30068
39422,9.342514641108014,0.9792809774540708,34918
8598,9.122262550716089,0.8207546725893808,33998
36355,9.67112631767105,0.8501357591829464,35993
39191,9.759025457881295,6.946840437143783,41385
16112,6.043563389408996,4.430203507072401,25918
31976,9.080579235254326,4.039436509527456,36523
24650,7.326572640869658,4.104717401448919,30265
12503,8.467361104981485,4.4627840347525245,34671
21983,4.887155348727589,1.6887620714024099,19473
19126,4.469756207834635,0.2374168063777255,16763
36207,7.236976190347855,6.575827753552225,31998
2309,8.099674204512326,4.447096883896669,33336
831,5.624575156019349,1.429714675228821,21915
36389,8.950722203931836,0.6522185020169888,33237
28547,7.017259555443224,6.183274154346886,30881
20510,8.997134418237646,2.9509892912744946,35319
29495,9.397236284911848,1.1366725414987537,35248
23085,6.518593166112428,1.5316028937281267,25215
19603,6.370176029333936,6.03832400485777,28432
19562,8.514382357432188,0.977264092433092,31938
1303,8.253096398769618,0.5084426892382528,30610
26148,4.15656239984545,2.1064983277574623,17190
17935,7.721560917035854,0.8731664899750005,28998
39033,9.332778704921715,1.8447903583510712,35603
34139,7.793927347070321,0.6146889371151907,29042
6610,7.316073278044098,1.1457506678095744,27768
25634,4.931560535589403,0.5746047213459017,18705
5481,7.86704709762055,3.0618669422417764,31346
19535,4.2166380323825,0.1923209048215048,15814
13241,9.551564043559491,5.758049493965104,39652
10204,9.953854610576018,6.220044564259965,41485
3937,4.30450692595589,1.8682330798930975,17527
624,8.711668433901972,0.050586480875113964,31881
9077,8.037545372296826,1.2165626676562866,30423
15165,5.659324732244367,1.0584830158776437,21729
16324,5.5965764838609635,1.7683512264855399,22094
30750,9.5240679325662,0.3019652204199745,35009
28848,7.410099730947071,7.982904827936464,33792
19170,8.232822949456251,3.4488252718724532,32982
39390,4.279251150957537,0.7173300561625267,16473
18872,6.2170103461532475,0.3656538213493254,23160
38732,5.945338717792586,2.311011350357342,23798
6707,9.180123787454848,1.8412346120159935,35056
16823,8.308714093401735,1.7390483719930394,31833
12612,4.190639707886317,0.8356919322714135,16257
19026,5.924655042993621,1.36669774494383,22940
34230,5.039583562453534,2.5690553147304693,20752
31960,6.861301455400709,2.013430549116842,26847
3659,5.570553252278488,8.56127533090077,27657
5072,7.976445197571207,1.6039505177387674,30526
29055,7.221987696439266,0.07896586172423874,26537
27768,8.360988646406478,2.295531052085296,32482
14384,5.49249293500669,0.32768129116518513,20520
31639,4.669980824148741,0.3528795082892675,17578
29200,7.920036898969991,3.813936958096499,32158
12110,9.547364315400058,0.2484026195396966,35051
10769,9.021964548076252,2.499625456206971,35033
21425,8.679027450030096,7.539801704002959,37992
30755,9.495574981248136,4.816690675726851,38664
24139,4.5912036256247,2.6099784164479236,19174
32885,4.96950507448333,10.370490211323403,26994
11948,5.499749895913197,1.1128551277362337,21200
18582,5.656229255377842,1.2069778944934284,21841
22320,7.051734577198925,2.31590069687637,27787
8529,8.419610235097329,6.368510406530452,36086
11508,9.595192928968217,0.2545006598994854,35228
33108,8.547207093526868,1.9900050540425769,32897
24481,6.562149371765461,2.0817682003215743,25828
6219,9.1526167648854,0.02587248239738635,33446
2964,8.91733552237016,1.8482269469705206,34116
9812,8.79409337941808,0.31159104049756436,32393
35500,5.240773405398326,0.5160930479516189,19767
1761,8.922775204033117,5.556344118706549,37223
19032,9.593641668303945,15.19487851570605,47656
38428,9.922592116340795,6.073535605779999,41247
36011,8.80235993612125,0.56668614790894,32630
22293,7.1662129118237115,2.870743218316495,28661
36763,5.758502888449186,1.0587257428261878,22084
5656,4.763733518644579,0.1809536442021636,17776
30996,4.1528470939148985,3.5932349073235277,18414
21724,7.707840065281956,1.7414294785627227,29670
35576,6.923786211282059,0.46653745987473677,25786
16422,5.052011980525179,12.857689305285326,29363
10202,8.561489542234321,3.5979529257604663,34290
22519,5.014732401650315,8.213095522837284,25362
18958,8.559932726366508,5.984348248927824,36270
7184,6.434967031248054,0.04039208923168361,23675
20435,6.186413393717628,1.7870514969477218,24232
37037,4.391178087696848,6.227865489100929,21464
35368,6.3434157889276355,0.6828013727518029,23876
27716,5.799791422949625,1.3959407400281763,22513
15237,4.505584419060697,1.351979501069839,17820
15892,7.952732103884353,1.6140591331137546,30447
3089,4.022321761073888,4.632803938655209,18813
3639,5.179224888453808,2.3759963221024893,21099
5201,5.038543361964576,1.5627622435133537,19916
12487,8.141109016786686,8.435076593064556,36803
36876,9.527353167841099,2.6766025050498516,36997
39829,9.933190910994412,1.505588502642427,37482
3036,9.00694019317304,9.027526974465207,40414
12482,9.262554208312347,0.6335026546398875,34346
20490,5.712165763039194,3.2429226943617824,23736
508,4.080333860387628,1.1243382459603513,16102
14717,5.017763707960648,0.5366737544851997,18986
3215,7.467693167462587,10.198993347078506,35848
24399,5.95082685432542,2.1983341107836027,23725
23105,6.068268521114028,2.6865971697939264,24555
36200,9.025004261949444,4.343584460387474,36575
18955,8.91165273334137,2.0224589741035657,34239
32195,9.5564983824779,2.2814641437546292,36774
16165,6.931413590097215,0.5283493676123153,25867
36235,4.025023364448633,6.06261677592929,20007
23618,4.977461339165625,2.1998326740293295,20223
16432,5.353352977470439,2.077389674738031,21476
10244,5.376475858825347,0.9540607889879315,20624
25586,5.802322747227071,0.25952435190189793,21577
26776,8.32949966601197,2.706622304253656,32711
25478,6.745396318003364,4.154555533548611,28214
3485,5.772628316695758,2.91973113736315,23688
12089,8.7960669704868,6.296361059274676,37380
14916,4.383620668723308,2.1732969977639676,18066
22109,9.743422715993255,0.21906782661892674,35731
13042,4.1972564102910095,10.97653946478357,24721
19134,6.322730987222439,0.31231922164299164,23496
679,8.710220597013327,0.45322241426654786,32210
13431,7.107246903960075,1.3408353998487335,27177
15555,6.697354570810479,6.897530680429001,30325
26070,6.151943640016615,5.9436724810697115,27566
31742,7.6948398160251426,2.142361985718419,29956
30228,6.983924825726948,4.399213205594285,29275
3156,7.732997192727155,1.1012927124667704,29231
35964,8.027843954438179,1.2266713968939684,30393
20428,9.28349966291296,0.309218906928314,34152
33054,5.290281293563081,5.052084173401189,23722
27200,9.247513809550135,0.2009619411348523,33929
21133,9.180857364232775,3.6778662715211,36585
4055,9.612056915621064,2.247111344135655,36948
5736,6.692355212267136,4.091451030998564,27973
23187,6.6484513705739925,4.477748646128953,28134
19365,4.440223838803691,0.15484703813102227,16590
2420,9.823457615267497,4.680375303650635,39734
13031,6.7484962720790955,2.9746055754850094,27244
22192,4.586800319211516,5.867841468273685,21869
19044,9.918889397827588,2.0852718079662163,37917
38825,6.496525558970827,3.8899742757810727,27097
26141,7.966022112501023,6.154616961451778,34273
30208,8.79499674740402,0.7387104597466883,32748
5640,6.460277227090769,0.629822216845402,24257
31626,7.109538392154708,2.8515520415200486,28439
14899,8.786598941790917,1.8230379873749352,33623
2223,6.25248448108023,12.181058208711518,33123
19011,9.051287175805552,0.8905849676383236,33799
34582,4.981787417157506,6.50342182863818,23819
32981,4.487092795792639,9.000881050698842,24117
23276,8.2968114827665,0.3050487900079459,30595
16068,9.789244665432573,1.412763619149127,36891
35715,9.901123068306216,2.2791939330520377,38012
13791,4.503446158436466,6.210246255969329,21855
940,7.580002557086647,1.4940542186279555,29008
28332,5.224390096345,12.118592571413021,29367
38096,6.914302598080041,0.705991338878845,25950
7214,8.957769297577162,2.841143017842742,35088
17518,9.447873884815632,1.2457247021236997,35522
10083,8.229432652129443,1.2717267205016318,31159
1017,6.892035335172159,2.1114153024910274,27045
38294,9.618344651898003,2.924656627178971,37532
2711,8.554153857105817,4.017652472975961,34614
32812,8.960545215456886,4.915598881492322,36819
31763,9.349996967677903,0.01617700607561564,34145
22074,8.292241199916399,2.824350874160782,32677
9867,4.679833034534216,3.238791178775532,20019
24001,7.362635733415821,10.991875536114277,36128
23378,4.683815220179934,2.0400207962010923,19033
16041,5.389229989218091,0.7180632269611974,20473
27501,6.1125032478559875,1.252009355641262,23519
22354,9.582485506429038,7.822223033682084,41480
27640,8.084996197727268,3.0863221557934417,32146
18489,5.669589952984111,1.7576796089219275,22347
32200,7.4651111072067025,0.749192285580782,27970
32949,7.033803289768808,1.5193579460817817,27058
7267,4.751376115029816,5.936590231229201,22522
31687,9.739211877578661,0.0017170122687012884,35534
6428,9.67468305058636,6.351199527625417,40589
1176,6.0194005768266186,1.2744716732897305,23208
37850,4.756014399616809,13.133826574953241,28524
8356,7.184768575068696,7.867672032819732,32888
20640,7.093465690302067,9.091763026536256,33577
26393,9.696618113710413,6.398030484871268,40704
8777,7.388018382636291,0.7405847281422512,27688
19732,4.04633473249256,0.5568978629438284,15504
15457,7.323485690742952,10.917863021093755,35925
38767,5.330881226969172,2.178499170990051,21475
15724,5.418461925301371,0.3868143374762882,20303
18980,5.811996791383276,7.1993766831163954,27388
29495,6.179341354389491,7.746867704054966,29165
34454,5.713912212575145,5.3438777716610675,25490
8880,6.768866160944409,4.364906481092912,28476
23302,8.194485631896619,1.124845259800787,30908
14895,9.451575256842872,0.680043927916208,35065
7194,7.400983383347474,9.146386036683053,34731
21751,5.449967369465884,1.1543006053617546,21054
14483,5.6899416942591055,5.754679568256277,25747
26798,7.3236711282330615,1.7868401379979195,28324
26884,8.899744283709868,6.705115238259049,38091
3716,9.60413755103643,4.97709554114286,39194
28145,4.455238749903899,2.2399198614972256,18377
15759,6.149592466862405,0.5141085817265968,23040
1758,7.740471854410305,2.6685381375781017,30562
21054,8.167698708700463,9.394328625320554,37695
32851,4.621019481422857,4.961568706303874,21236
28433,8.410694389652328,0.23257592333637012,30943
31974,9.554752760168228,14.219675349035906,46702
29063,9.20172130901301,2.002619979671261,35266
22683,6.813062563889806,1.957394930845749,26629
30262,8.248896453809056,1.4884602189571454,31406
36925,8.581727097995358,5.1585511938917845,35658
37774,4.8923903950069345,3.23458138772732,20776
22377,9.894576843370915,2.8603259578021025,38473
38060,9.724077027098783,1.9625151886149812,37110
39118,9.401161874397562,3.981555610654975,37628
30940,4.226787859084148,4.106123325999882,19105
10577,6.024607466008279,0.20170742331732056,22332
30301,8.188033809010413,5.859384250454982,34825
20960,5.784951838229907,1.3583233124898277,22430
39554,8.870483908849302,1.4592015306752983,33618
38291,9.040971299031373,4.848887241594529,37054
26245,8.002414916003413,1.1996304677508438,30279
23823,8.063555511185319,4.76046895794605,33463
56,5.229667136652929,5.8439356135277665,24166
37584,5.069665517489144,0.49135361554893325,19131
35024,9.087296803667007,0.5023009311875185,33603
29011,9.559035776861357,3.4658234264476055,37768
21029,9.945968278211666,12.524798868204977,46702
33011,5.049982588687654,4.96587065461551,22785
9700,7.445918612960537,1.175109993303008,28259
8766,5.505100042636554,2.145966542763413,22080
8750,4.952197768036414,0.9017419143424409,19053
6555,9.226927491432416,1.0406727972341614,34558
16587,9.927783554054383,8.964047231723152,43675
25781,8.32310183494827,5.695971782874303,35177
9038,5.819498727230218,4.3021644929613325,25007
36066,7.137004469104559,3.904226275829233,29414
23069,5.002507622401204,7.475863689459988,24704
16509,4.616926710365165,0.16632449222202852,17235
4075,4.429521299976458,0.5779180738731615,16903
35564,7.322483631467704,6.381810217072063,32143
18067,8.177559371854343,1.621726881024702,31261
71,4.525637091088955,0.6374359544226599,17299
4666,4.0945325883869375,4.028525715834107,18568
39018,5.086911546755951,2.7984193119756,21113
26482,4.971542788861121,14.961794366916196,30824
1180,4.385078223045992,7.088564875790752,22163
2146,4.693269490785441,5.434982929925301,21896
36286,7.6359565239755405,2.6315606781058927,30151
38393,4.926340163726618,1.6141061374147745,19550
39291,5.0847514372167115,0.9332254099309032,19552
33616,6.0505904013140634,2.0684394041880374,23975
12267,6.393094991631033,3.811117159449006,26662
30130,4.356222288153816,4.8558528854542145,20196
31715,4.69689322352592,2.314856843249934,19308
16609,6.087974518788419,1.7023945489032275,23807
37737,9.352965289461332,1.6688026807453529,35530
29382,5.201786588757677,5.2731904867397414,23588
39962,9.512408608378497,3.59751024510096,37709
5103,7.088615025840336,0.786979354814614,26649
15280,9.37248343062864,0.18500487921232114,34369
36714,5.228698838211059,2.0870511288342235,21033
32827,5.6420027817691185,0.8415765882486629,21484
17610,5.9132269634602785,17.098958123584495,35993
26783,7.9339795662914225,1.6005969143469156,30367
39502,6.31445941680739,0.3023862020878062,23454
31703,7.081832097701461,12.946843577852508,36742
19172,7.028183170878826,6.875413156026165,31497
14437,5.775773619376912,2.626487265017675,23452
5900,7.885363474955465,5.0050929396662625,33028
538,9.98552397501507,3.2033721773989496,39090
28428,7.595386596770067,0.8552943096824109,28527
8794,7.810249910075658,7.442956146663352,34786
36838,7.835720260053082,6.977106156452285,34486
23395,6.217399485639618,7.441174063310386,29049
11008,6.032409239100054,1.921850223771573,23791
11893,8.924117419241558,0.7143628751980267,33195
38706,8.9876566913962,0.37400942206584625,33137
30962,6.114161909189154,0.12103964796753193,22584
8807,5.59644574704329,1.286642165818845,21693
31407,7.369486948171769,4.468912627180185,30721
37510,7.621793723960064,2.2299373886279144,29765
28220,6.195558407552608,8.672867349527595,29996
38827,9.965107712969075,4.646375613108085,40212
36139,5.198158915525289,1.255011595725001,20230
36643,9.720523762430258,0.8845171020365193,36200
4018,4.608434728505374,0.497732752402185,17481
18422,5.4539197238594594,0.6688560666728042,20664
28756,7.528501822510667,0.9741210900297161,28386
22180,8.175264931903621,0.4558021127549309,30283
23013,6.487789467208381,0.1475107052505956,23952
8938,7.688269685249705,1.1993057323074165,29151
12455,4.590358769346305,0.43416792588682973,17362
6032,5.000150527084792,4.9128709240967545,22565
16060,7.151658519150471,1.4078102315636831,27391
3067,5.193745708765633,3.1189543471685335,21770
33262,6.57586183809571,3.0741871849113553,26703
21968,6.390307437438852,0.33310126885020314,23756
23244,7.135709319397343,1.6715097022272738,27553
3766,5.389073542522732,1.5200838316706513,21142
20463,7.008639654303512,2.490510998044538,27778
31149,8.795334766960488,3.887293772948101,35370
33898,5.180710663773562,9.183143680102797,26766
36693,8.109567931767717,1.1528552855697196,30624
6063,9.13134705697805,2.3641644861774793,35315
7987,6.52428164695395,1.844588198293887,25498
31852,8.432716518608446,1.1340128856549756,31774
26501,8.77846071561925,0.5632149359304113,32544
18889,4.60157755688042,2.112943463782144,18799
19684,4.649825145398566,8.031820117214036,23897
35444,9.076717590416727,0.4906220152891387,33556
18846,8.410546056842357,7.2366150428925735,36774
34526,8.158740137921228,3.1660195576215195,32477
26929,5.7551174057438335,1.0513066757314733,22067
578,8.403299476950561,0.1796326097267339,30877
9018,6.785967875393305,3.1118570673819423,27494
12869,6.188075094664357,5.427511308840821,27269
20508,9.058446757596816,4.992895531452701,37240
24552,5.361479509970621,1.1451504509015134,20727
12036,8.956873246927449,0.38979513224963325,33044
9094,8.439954817220203,7.224828425908348,36872
36129,8.72960668542067,9.738826506317563,40003
36998,4.056141882042522,3.212937194667505,17748
38662,9.298475699482669,1.3894635704563443,35101
9928,4.12262819037504,4.103210859974078,18732
36509,4.908672674681134,3.994404570538938,21466
29232,7.080797809136347,6.5156982735705204,31386
21922,8.894402690162288,0.020193597644426554,32510
9446,7.23115947637608,1.6800079770825649,27906
2032,5.0861238189555,7.421577048179358,24964
38522,8.450218692722625,10.543472693057538,39666
8450,4.249265788286973,5.112602333413048,20028
23785,4.20991741885334,4.071523086425934,19018
15732,5.2461339264336875,1.5434900676227294,20645
22528,8.164586207826964,10.162956336538375,38324
16214,8.585205175934178,3.4817085674983947,34279
9092,9.388857952660953,6.769436319329457,39908
2246,5.641784161457217,0.5316205899096283,21230
10068,7.680706947045388,3.40848143642803,30962
39430,4.298160218528024,6.788980619501418,21594
30358,7.9083511187315505,0.39682559468645384,29273
27750,7.861094917900121,1.0792142616548304,29671
26145,4.70793730179364,3.244912159835677,20123
38671,5.852922726021937,6.977650364887114,27350
21026,9.793164793488835,0.2628469913440623,35947
25383,9.86837965505719,0.9391866772259024,36781
22914,4.565740277940953,7.9410544285076945,23519
36280,7.437624938475242,4.745935982763407,31196
36077,9.181942870603507,3.3001213163484446,36272
32917,7.923263971200859,8.161470625041167,35788
38452,6.905848157685605,0.024418407310552726,25353
29111,6.052804116896421,3.053045000482732,24804
28555,9.451436732945472,0.8790806392600797,35229
21216,5.7512467565417404,1.8426841790852415,22712
32921,8.293972942316083,8.69296325735386,37565
21783,9.05163222677255,0.38930033661280855,33382
14068,7.199857262733442,2.0815659790488,28126
15314,9.326262713203814,0.29470940388731176,34293
34191,5.496925902658622,0.1383800095744809,20377
8702,8.245146402586588,2.38357246231134,32142
24960,4.155638268703932,1.0875035802220547,16339
12577,8.80509577069597,3.0610040140292316,34720
12906,8.305279224527816,0.5411001240462067,30824
1626,5.417535598794508,3.534470165465933,22921
36449,8.595423427029083,9.922468131743079,39673
35784,7.5386594992214535,9.605952423252665,35605
13563,7.062464567856569,5.764128509006823,30697
31989,6.621349529047341,3.7045652018844692,27391
3217,5.386202927086988,0.1459180337328329,19988
10820,9.978345857811078,2.0281823853338286,38085
21422,8.560762228237216,5.406326585829612,35791
15032,6.7725320357785925,2.7890263326595837,27177
10805,4.1754282358773835,2.42342536916334,17524
27764,5.358674281927707,3.1809249606141354,22411
2696,9.918668672553274,3.033228190053671,38707
19188,4.473276933488451,2.6223188564903452,18761
10625,6.054595677961354,10.635813394828194,31124
20160,9.113341161880516,8.387257135836359,40262
37947,5.310957974640386,0.13926003849102145,19706
10118,8.690764043741023,8.080241982910366,38486
18630,7.862143888083182,0.6574522518171712,29324
21702,5.293257896159128,0.298964803227444,19778
35364,9.336996781066173,0.47085299370919603,34476
31037,8.98439576121202,3.726270048491043,35917
35904,4.751825637572923,4.089025685041622,20981
37624,4.927813905278703,0.28656718056586383,18451
23442,7.712345537425493,1.2644853818049155,29290
14896,6.075996064430182,1.1264332655684963,23286
37430,6.671539504953666,0.3691434790406356,24796
20263,5.3290657581440435,0.510544643539726,20083
18018,8.277644830067276,0.7393272756994155,30887
17931,7.585445683591457,2.452930125981212,29823
24428,8.297018096777467,0.25511125939740387,30554
21023,5.426841343896564,5.881936786766683,24905
30716,9.776255200257594,0.809070412493369,36339
31631,4.641298416214398,5.330975246742422,21617
13762,4.222718403122556,10.023738451779193,24019
31403,8.328891390021717,5.60933010629609,35124
21758,6.459559139262566,6.437560217205148,29085
13604,4.500886338423208,6.852656085995747,22382
26376,4.916967178227395,6.466099772293609,23556
36352,6.0067486199686915,24.86889280417242,42793
30485,9.394446443346272,2.0743627355377727,36018
567,5.149969011982154,1.9839645098272343,20668
23993,8.25646365650066,3.344361645383095,32979
4638,6.724184817411613,0.10205036805247965,24768
784,4.358007547495109,4.76693560867224,20133
29405,7.3613601154635315,0.04974465081638857,27014
4373,5.724311342001811,1.149415216973306,22041
37281,4.882175717744025,13.462686130889987,29252
18312,6.765706266935119,0.4231698286682959,25182
32194,8.639380256243479,1.0840347540025086,32476
20887,5.9379701169768815,3.045360032800506,24383
1555,4.727938648889321,0.8999558220218203,18246
27192,8.645391810737626,0.9649840059841599,32400
34603,7.608916305045929,2.266947816716391,29750
30503,7.0049097415134645,1.1155791695252242,26618
36453,6.173570959194846,1.0623344380536903,23579
32389,4.454815457516602,12.641865868963777,27031
21999,6.011102930995549,2.209464340794,23952
13989,6.033446195174757,4.532687903731632,25967
7409,8.307182810623344,0.8583579007759814,31094
13271,5.572997025307765,0.4510644577776365,20913
22880,8.758507391519029,1.8885955995758796,33575
13079,4.382742952812141,3.1354993387347267,18863
19478,7.10071729029581,9.326270311626889,33798
8281,9.021080634460265,3.5691305557502346,35921
21609,8.549630292239417,1.6132796814101469,32595
34781,4.891006141662491,1.9433812885170534,19696
16533,5.792850132032138,1.5681390463091658,22634
20138,5.992016699100436,2.9042721237304097,24463
39488,5.767914665534268,5.360756158718496,25699
18615,8.437379865685255,0.8615707355993611,31565
34762,4.062732787701595,1.596718875968352,16427
16813,6.258253192256704,1.5803707600899253,24319
7616,5.713252112355252,2.967807452447443,23514
17669,9.557608675950448,8.262993601348558,41759
37974,5.319666931977478,2.1780894893724296,21435
2535,8.496924876859717,0.115629511058987,31161
1626,7.9001437542811495,1.1779741896456397,29897
26384,4.292990631808078,0.9302908793333418,16702
18520,6.688600543088427,5.227247060019666,28902
23706,5.795497479410023,2.818946571083864,23683
24448,6.696775555913284,1.1204944601737665,25514
5214,5.3682515093886956,1.0248489316641982,20653
1643,8.40240992824649,5.6096586428604445,35393
17345,8.871899447355423,0.31155852815940677,32671
9112,6.129869547847677,2.5358684922175856,24653
12752,6.815850365393257,3.197852679985354,27673
349,6.1902561049468,0.6878578859007982,23334
10268,8.217652593143747,4.545880396690015,33842
33921,4.045304941893602,4.122398321127005,18465
31788,5.5561258496036805,0.3053445478858987,20728
12076,4.7255924454396885,5.04857015690513,21689
36346,4.174055122343557,1.082505760637068,16399
27660,9.177129688720921,3.3999686410980186,36340
36170,7.118961837888039,2.4485569755420857,28139
7166,4.91632071884878,1.1989110681619448,19173
8794,8.713574293826193,0.31717402804517514,32108
24656,5.309020770846447,5.231279084029574,23939
35345,4.839246484652435,1.4340113043547078,19085
6484,4.056262086391128,0.13362063313629552,15191
34524,8.604036550760267,0.8486146577804483,32152
10827,4.609061862177493,0.6976786259918791,17648
7626,9.338388397803621,10.476456700216339,42812
39476,6.7836442834825075,1.4832424887950526,26126
6730,8.723022100138468,0.5715238128754129,32354
33166,8.49461683270863,1.8615342314337613,32600
28855,8.454448158633104,5.540721884307054,35519
21420,5.219570571094921,2.447713601481872,21301
13362,5.464529063119009,10.918900207563746,29234
26452,5.064939919557765,1.0473050059065916,19578
7127,8.875421853437448,3.3222941894504405,35191
18865,6.44739553716708,0.0708120336510609,23743
37427,4.7101679222916815,3.720315377784946,20524
6854,4.765936090401315,1.5352185856183564,18910
36594,4.665996645372214,0.06797891809552141,17325
25235,5.364322832722973,2.279916830965269,21683
10473,9.15731868738308,2.408826782600414,35446
29515,5.727386801533591,2.7802572341832885,23405
11217,6.562807533180338,5.866948887205441,28983
27096,7.253143715738464,0.5161666658316348,27013
9358,9.070869541757896,5.6229849554421625,37810
28270,5.77831503505787,3.928339625693432,24545
5372,4.249283255551411,1.35640986367076,16902
2840,8.828201399809469,3.8351453964601636,35449
23208,5.452985059531846,1.7538964122885803,21564
35748,8.61224365769102,16.545813208335456,45246
36441,8.398665699388516,5.900553239272939,35618
28440,4.053261460305583,4.145247552014218,18514
400,7.414597811632582,10.49636008448236,35905
4872,7.8734880477561475,6.24305600937224,34018
16642,8.399615348493246,0.8780400647436631,31443
12060,4.467278949501145,2.485148366341569,18626
11292,8.414405437876011,1.2708494368355643,31825
34328,8.68191639595197,2.9756366984805176,34203
4221,7.695062566576515,8.898416738437135,35584
29874,4.43256665875168,0.6092666257493844,16937
772,7.8486094157087125,0.11234361686679883,28824
35430,8.238572393606036,5.002412176940409,34294
21136,5.402275867240578,1.8753339664188426,21482
37098,7.7048770738899535,0.43831343310672827,28574
24569,6.309221512710911,9.686773893131653,31248
28637,6.796607731587397,2.0734717086667516,26666
28768,9.061615825839661,0.5996845617901647,33592
24276,6.700141595858867,4.769486086790869,28563
7362,6.18230078960602,3.3079970771135536,25484
32941,5.658153713364488,3.554303999011058,23799
8183,6.577550143166942,0.5374241700553517,24601
34342,4.258775357554896,10.609714468565356,24633
23257,7.303796750959122,4.065779230780778,30151
21646,9.888433049527505,2.3841683847745467,38055
13522,6.133322334726486,2.474830272935672,24614
15671,9.094179837006111,4.758305766547513,37173
7483,6.773655030686995,0.3217602492654304,25128
15196,8.151251465579035,7.13035893824363,35754
1114,6.505910180096131,11.093003038855025,33130
19264,6.706829478595889,16.998717008369187,38766
36481,5.488072750240061,9.087773651714803,27792
11301,5.068686946347138,0.6956216554139218,19301
10077,9.590174724970467,2.032437034325742,36691
34668,4.584678235489869,0.38644724101304273,17299
19954,6.66982122188845,2.1228250707511642,26252
32170,9.643230189391403,2.8027216792673584,37519
15416,4.674457101238923,7.817881713768587,23809
39577,5.145161241188552,1.8299533422155925,20516
33531,4.330545490219267,5.164647568733551,20360
138,5.415124673513684,3.8401608317036677,23168
34501,6.046178386685229,0.27412217820615153,22466
22745,7.931060756131673,0.021613568439152703,29042
23576,6.507165180995102,6.266993922626443,29116
11068,6.563444325629353,1.3427737111340068,25220
29272,5.153357388114085,4.768121708491721,22993
16723,9.63287569044613,3.317391579293633,37913
16575,6.60620452713836,0.721143398297852,24856
30549,8.49816190732544,3.9347152201317277,34340
37298,6.683795069644659,2.0727246970365214,26258
22379,6.546218831059734,7.861485216193969,30583
15915,9.491694483270582,6.23836794492132,39835
6807,8.456623623236258,14.532457522019712,43014
6793,8.851778537235294,4.798869359306432,36336
33860,8.187416691147806,0.05032852044435109,29988
7397,5.296046521184191,8.70104685027912,26783
4662,9.796911353500201,1.9050456909714,37330
3474,4.273305146354533,1.7404240883863609,17309
17746,8.203411046458402,0.688982527653769,30579
10747,8.2492936063473,0.6644885095410322,30724
27990,7.143266960305206,4.775275477561783,30162
35075,7.598297576896145,6.522187975989018,33254
26406,4.963704944752346,10.59761223957309,27163
10471,5.540052280180593,1.7271045940698462,21856
25844,4.729538168034405,5.913255992211721,22420
19971,7.721436439057267,4.900407092131522,32349
4715,4.073639699286138,0.17796198727982201,15289
18772,7.4759861911942895,2.385723254300633,29373
11583,4.685201634652565,10.24323859092723,25868
16256,8.583231051958201,6.383436515463836,36687
36964,5.680390215884984,3.1906643171247016,23577
24194,6.55002584402879,18.497523010299766,39447
31597,7.748291314926114,0.5132825123430378,28793
7710,7.3770221291930955,2.482618376726529,29100
26935,5.06468279966477,5.258083580463127,23083
33033,6.585518788357363,2.654490156887991,26389
21262,7.568476732070149,0.38435325027200173,28040
4712,9.017241596098632,6.508659841305892,38355
19470,8.708490321071869,0.6914451679335327,32399
4011,4.694164744418541,1.017974975961591,18222
83,5.316183674367827,2.4111996758775973,21622
7687,4.851910654219768,0.6349072217061964,18471
17628,7.015429535095199,3.132640874141731,28337
17115,6.395838265572891,1.1820752453645573,24483
19465,7.0956005344099955,3.914521384977456,29276
7460,7.288364796308204,7.1921919706593656,32699
35735,6.662056309166317,7.551656158005452,30740
13537,4.998209208464537,1.5903166049818516,19791
38625,9.889532555776716,0.5197294658530951,36505
22285,8.933842679729901,2.3306618812207263,34574
19273,9.995727386834611,2.3195278201031693,38389
34100,5.07805330004925,0.8777136998887443,19483
28415,7.508591474629203,1.4823758735901702,28737
8226,6.753054185911215,4.748459779033364,28738
36835,6.823889300912207,0.29996034412802397,25287
4444,7.742376869896221,2.554496583829427,30475
10879,5.798429794968305,17.32758086363259,35771
8358,7.120818014214854,1.275087649358969,27171
16227,8.248167046682337,3.0710531902825764,32723
37430,5.583306405340644,6.941212129104119,26348
20431,5.5693620912637725,1.184272834176412,21509
7689,9.731706421086034,3.2159321847180995,38186
12580,4.143246857333849,2.880417582931026,17789
28919,8.791112620858577,5.459378558448656,36663
1730,6.811636978191368,1.662319890758344,26381
34695,8.120317804637265,2.3491118336489545,31659
9657,8.880088878658583,3.0982146938477033,35021
9796,7.990522721861431,0.38408872267438865,29560
13652,8.670113649086138,0.2592119110586146,31903
11840,8.53480623396332,1.9764453824484827,32845
17994,7.562927327445583,4.045380459879001,31067
13313,9.010284410946996,0.5523527924607459,33370
22338,6.774634025571267,0.30868274593392386,25118
38824,7.661377512146609,1.122960139869857,28987
31791,5.089638738198616,8.368263172508007,25759
19612,8.522444899256271,1.015966663396888,32001
32659,4.604115372811757,10.706534454212887,25958
33141,7.341454801218673,0.1043867132384296,26988
35218,8.417735106912822,3.6601715682359477,33822
33284,5.257354153921308,4.455408943329308,23106
37735,6.149452533456091,0.04341544686260881,22645
23644,8.241426136831844,1.8627900681561174,31692
21220,5.527817732955162,2.321618255097187,22306
24123,6.844566824895568,1.8527301634048396,26655
8903,5.708551250903037,8.022219612159802,27703
20690,9.779542972065336,0.7906064260189756,36337
28260,6.248662732715038,4.921692339640406,27064
35394,7.860436593238793,4.286883598077071,32337
28140,4.2295649356540075,1.5830876531672327,17016
7966,6.33173286686392,2.1383783267752,25048
8176,4.807517343848534,0.6544506050022049,18328
12940,5.995800061562562,0.711901879339964,22651
21890,5.942738826576063,0.03220496770539573,21894
7556,4.996191888945992,15.614413665702102,31457
7819,6.665079947228229,0.5285697543576278,24910
16887,4.7400133637674,0.08402549931694683,17608
29542,7.902545523434633,8.960035603828288,36377
29028,7.601470868757577,5.186137852072304,32154
4026,4.6657737482515085,0.5253979267345439,17711
34114,7.467885362250531,2.0144436920574087,29032
10083,4.328740592164875,0.2874044310111552,16298
5205,9.50416938873483,0.05795987414296581,34739
36587,4.634464708807979,0.13461879388654358,17268
21017,9.26261897884825,1.7998380139458874,35316
15367,6.142362550849887,5.484004302777841,27151
14846,9.644822606729434,4.520211043908056,38956
19889,9.137249399853552,0.1608090496705039,33501
34504,6.861680305307584,0.7191700483941669,25773
35893,8.48700766442182,4.37185022505914,34663
9030,6.245647627691918,0.25636902733084055,23173
18446,8.873852567205597,2.1131936097347195,34178
9110,8.572477539126528,5.1011261325512915,35581
30548,7.435072180944189,2.7743360104495087,29547
31824,4.994969329756315,6.931480012275551,24223
12423,5.881357380530098,1.457872342854739,22861
38069,5.325424262078754,6.360164329727266,24936
14877,4.222137643559368,2.2665451286104155,17561
25664,4.585781238822585,4.451746620767051,20688
29290,6.829389200795717,1.8324780202108801,26583
34737,9.566074656604133,0.19404648228478208,35070
39979,5.868150187063465,3.15800536713376,24224
25732,7.745293705577651,0.09053189776227559,28431
10184,7.5160309670204395,4.555615073366759,31324
2578,5.629522883067862,0.582972662122639,21228
2643,9.617450644941547,2.5107159412346824,37188
14310,9.367312799920356,0.987628121552441,35018
24410,6.2529845826428705,1.906628508263178,24571
3585,5.94144705677961,2.38529517788209,23850
13605,6.85388687186101,0.7698841410296828,25790
9540,5.73788671623664,0.8757189666396572,21861
32967,4.539434243487338,5.262994504251825,21195
17170,7.307430653798802,6.03798341042174,31806
1795,5.905942898063892,0.057128335337796494,21786
22609,4.9055471074314,0.24155784292329616,18335
31277,9.615905147195608,1.9810670691743206,36737
20839,8.879975290202685,1.96612777439843,34077
1485,9.125038525588776,4.477645905914353,37053
23485,7.832299450245242,5.990881487930976,33655
26580,6.195595783758294,0.9261076059333447,23548
619,7.791659204899217,3.5923778308079237,31516
39100,7.649186641099301,2.17605352562977,29818
9787,7.179874824001527,5.21565209080905,30663
30738,7.694599227938728,1.2295915001167772,29195
20497,5.395863058548407,0.020518923007847547,19915
21278,7.4090081789316296,0.04702294394788638,27185
21124,8.649573993117514,5.3790730567302045,36090
15211,6.927354778473919,1.2053343092387134,26416
23643,9.09322285156519,3.8355699684221545,36400
38672,6.968012913537094,5.28959874130046,29959
25274,9.503314347721666,1.696786786975286,36096
30418,5.060424564562439,1.086899123319415,19595
15253,7.894572112389161,4.7078369315902275,32812
4769,5.211657656637162,2.480637238581499,21302
31564,8.298235280784887,3.1149129610774247,32937
18069,5.322944420878843,6.091533321147169,24706
22547,6.079223837913849,1.3719091336498064,23500
30886,8.584164801186517,3.6335163740077667,34400
35985,7.497982011505377,3.331477961690159,30237
25697,8.420729960873523,0.615774987137782,31299
27692,6.772998008346807,0.9759888251505913,25668
34869,9.088311958630884,1.3034638535616618,34274
7231,4.968364389058654,1.8454656697820189,19899
23380,6.754684877477494,14.387670532943908,36764
39250,7.320695271742837,0.4404640232375948,27190
3958,7.832359305406057,5.968689233225982,33639
19528,7.432445330246612,1.7351782851589341,28675
38335,5.043256151347714,3.3781551143791795,21439
8847,7.250817299219907,3.121856564779013,29177
10550,7.745089549225564,2.2162818871824963,30202
35310,7.44378532308925,1.8271531460334516,28789
23431,9.764982894742191,3.189430043406315,38281
8070,6.524829509679116,1.1033123747473899,24883
20766,9.588222367599434,5.828108054363329,39841
22775,5.301039430927437,2.962189543802797,22023
11084,9.913818753983126,2.5958087270288,38325
19055,5.663878692185888,0.8226743390959013,21548
21165,9.663087354276346,0.4090584324204286,35600
32688,4.598235769602379,3.328911625875767,19797
15722,6.35155391214691,0.03179521192481292,23366
6230,7.188418667170972,8.795053439690168,33673
32290,6.844758106519933,4.6709533249489565,29001
34235,8.802301961096294,7.770568264784356,38626
4016,8.475717967759344,4.682980546635862,34886
844,4.199772999057853,3.733562347140224,18703
20979,6.869719816743566,3.179610709088809,27850
4488,5.223615602315091,1.2159869959248464,20294
35460,9.735762071328697,7.615758253399856,41859
23321,8.834338564693029,11.920228831125941,42197
20923,5.692135899864453,0.9414839141729394,21750
2032,9.199625792660047,0.5378871963832257,34042
35985,8.20771185251256,4.157200327037073,33479
7401,9.949912391292237,0.8265582166713089,36984
20222,8.555124437735024,0.42490623935641364,31625
11960,9.504238361244257,6.616255528679628,40196
20716,4.359330917882816,4.037315392835125,19528
8860,7.894285065209799,2.452114525760123,30934
5940,5.24684764622347,2.546566293801011,21484
34766,7.338118608998233,2.854849895577738,29264
26393,7.154135304393051,3.424902499382506,29078
19283,9.115486061031497,1.3126706436526285,34382
1664,8.397024239647752,2.2546052855594114,32581
16588,7.542555515353752,0.6249289962464517,28147
22207,8.85105844182791,0.6348965366955103,32865
21188,4.047618238681675,3.0905620312054167,17617
20458,7.344160640123674,0.711052595567856,27504
28282,9.103308906493806,1.5329741562030355,34520
3747,7.069818757325448,0.7042659843296013,26514
3128,9.68774279696278,0.7748268573778512,35996
38757,6.894606731150885,7.322960791729941,31386
39576,5.31733925760157,7.529887028437771,25880
19472,7.6202423846904495,1.7836073176977474,29390
11578,4.7885450290754745,0.7175640368826448,18311
12770,7.903497873753154,6.237396313887821,34118
9857,9.448161489628289,1.5619138750378532,35789
23696,6.340440813461234,1.5185790927594505,24563
38358,4.527298194935604,6.312136676261037,22023
26941,6.454503261681418,2.121904776901862,25475
10898,9.561482350741812,9.21589949130998,42565
8908,9.494343597478892,7.223549937495906,40667
32398,8.193474265718184,5.866545980404716,34850
37365,7.826934462247762,0.2825918991182349,28883
1458,5.868759541667266,1.7385965710088993,23051
25260,6.8037306849542745,4.3324694597158455,28573
28388,8.623768691441647,0.36236709534017303,31819
12779,8.329404716938326,3.099594885846149,33040
21698,8.794303583802012,0.34528446774147675,32420
23171,7.650038008346885,2.021787451552599,29696
1785,5.994512403967001,1.114494876377811,22984
8703,4.140599885265599,3.372330119779292,18188
15082,7.828483757496445,3.7554865581458112,31783
36101,4.442291094785562,2.5722472607373263,18605
5033,8.887180367419717,0.31360156002575285,32730
4983,9.221422521558615,2.5340999480369684,35782
15999,6.135680280775293,1.0780141467568127,23460
3738,6.9513664374326405,4.148965186477209,28954
5207,6.531507978239777,5.9484197174471385,28940
23578,4.209916458885352,0.494215385763212,16041
26883,8.567806107827803,4.1005232355979135,34728
32983,9.424630863306207,9.366606121356265,42196
1684,5.698979498344967,3.557483331126852,23954
31459,5.426812101854886,3.441908141685605,22874
39313,7.479804276275247,0.27825424008959393,27630
19829,6.935410855140721,2.125571367669251,27210
21177,9.922715620409289,6.640381250840232,41721
3665,5.3423060977834265,1.1999143792586504,20706
24886,4.304549944008702,6.573067867382414,21440
10050,8.989214298206036,2.1150552070542856,34596
7676,8.313758178238924,1.0996896818225743,31320
9909,4.674644673225778,2.335008693161331,19248
21719,6.594157275402202,12.056529458246992,34246
36828,5.066151504115408,2.9540392343367325,21168
11085,5.348969320264722,2.4609770769272283,21779
15193,9.558256350594398,6.192538727582684,40037
12429,5.518250763698218,1.771607744879187,21815
33763,6.025299296385415,8.852297686655351,29530
14915,9.668030247330668,2.2165595838108576,37124
15741,7.644228088037537,2.3120618932121024,29918
6650,6.559476197069673,3.279358101314019,26819
18310,8.950103004318422,2.899814859926394,35107
14813,6.075567773970581,2.8657469482861586,24732
28891,6.366233676439483,6.157677396190114,28515
15920,5.3332435955804804,15.717558122207532,32756
7945,6.128081778740455,5.919794350746535,27463
18011,5.348468243792317,0.48189654970174994,20131
15734,9.221623964258256,2.325440704868346,35607
19633,7.231321435559825,1.7209946650397387,27938
5399,6.378416015772308,9.44024607423036,31294
34604,4.568676450034254,0.7812865684757929,17569
29567,9.749987215628312,3.6303036988954336,38593
19040,6.319346247487644,2.176479780137284,25036
27322,8.708367858753551,3.0297057667322,34344
27077,8.752356845663954,0.8527000120930739,32692
28466,4.800549552549812,3.4383060500988205,20617
17437,8.454227781411468,1.9579905554518857,32538
6061,4.529446042451875,0.5902976923127585,17273
27643,5.852367641593127,5.6336600700746695,26230
37584,5.2538851622698575,0.6922622627134098,19961
28087,9.965504483522809,1.284365839811584,37416
25595,5.5854573618415575,2.5109150380250824,22670
38827,7.296378781453431,3.935968973916059,30013
34590,6.905732658637035,10.088348641081726,33729
30234,9.471348076075838,13.596475641074734,45885
9597,8.409731842255985,1.0779244867139215,31647
24449,7.618952235615267,5.1942803949482474,32224
37787,8.526088249826383,0.4259773393280994,31519
22933,7.329587959109473,1.979121329140566,28507
6007,7.334301708320721,0.4351760148564907,27242
34703,7.402715177023324,1.961568126759126,28754
23415,4.157311965759201,6.571818600762177,20910
18659,9.659452632257157,5.05885225958149,39458
19322,7.376893050126563,4.846441466602185,31064
22078,8.637924404811315,1.0555330219539076,32448
5263,6.97912275643688,0.4646074547668235,25988
30401,4.487049039875721,2.7928297037444407,18949
32120,4.051491307523757,1.0718207143962348,15950
15994,4.897362313623998,0.9698124570851896,18913
39314,8.861502306959185,4.4438709274817665,36070
16859,4.44898873296581,10.121024116095086,24914
19313,6.344833858368118,0.2174884845270475,23496
31779,7.672543267554026,12.66088218947312,38630
10277,8.128008443345657,4.9704695342007525,33873
33295,9.762280759989524,5.862145499062015,40495
22907,7.4849290813210665,9.34799919901609,35199
15911,5.50141301872889,0.11261291528337884,20373
5839,4.081024100486056,4.409806174708545,18838
38229,8.894488913208084,1.7004404799936077,33906
22408,6.318430609755209,2.1430544999032346,25003
9151,7.255842512563314,0.42415659049443133,26949
9708,7.394942154328474,0.9212660668235849,27863
19135,7.684785388208422,4.13315670902199,31578
8160,8.957275076972827,0.04802068292568632,32761
13708,4.006552201000787,0.5085291540371402,15322
15088,5.258370786947521,0.3932190805710025,19732
28553,6.975503563307658,6.538054697052766,31026
12230,5.01200162162559,0.6749510459138045,19079
10713,9.244237149321814,5.0026696893064955,37918
20159,5.647597764155666,2.539401403268418,22918
37422,6.874200520595788,5.466351538632245,29766
23372,5.4943117130153585,0.9117336060584267,21012
38150,7.825344435184509,3.6752445534193887,31700
16060,6.384851270393827,3.4866820725857086,26361
19773,7.481246666721869,10.97242351071861,36538
37311,9.036709717770583,0.5349304935038283,33447
16748,6.2657160030706125,1.0051484578722112,23868
12327,9.623287837800373,2.3279378139969213,37055
1420,8.083273682771924,1.111674524957423,30501
28839,9.199899619038135,1.5669598950278842,34896
29521,8.121464622420014,0.8865396969162836,30447
15451,5.959550992241608,7.855993562277589,28467
16274,6.341189037321164,0.9857441786249511,24122
22498,5.452818319775748,0.3245645823761592,20374
20978,6.655182802863589,4.561747765256215,28229
33326,8.950421601593934,7.72134983457804,39120
15334,9.368416871726692,5.793740001100626,39022
5124,7.903746641663803,3.015627761980677,31438
23451,6.930594021570825,5.821959125258465,30269
18797,9.596590110951452,0.3645420794523776,35324
31873,5.73145485290861,2.0739851521605495,22832
6965,9.362984660889456,2.8736299333959163,36574
1824,4.573174203336717,0.615733197343922,17452
10877,7.990186878091125,3.3569222840136015,32033
31243,6.428921170302691,1.0445897268134918,24485
38803,6.925499312221666,2.3620982656441,27369
9488,9.343976071681974,0.7842113074228613,34765
31734,6.66820795741154,1.2622189303741385,25528
13597,9.191422386101571,4.7917871713572815,37551
34097,4.435116128970272,2.811480106550761,18777
18354,6.467812457263777,2.153735570687266,25551
15375,6.4467952329315645,1.6185506938513277,25030
24831,6.014102184541337,0.46965562803055416,22515
19123,4.126287074541251,9.326775409620991,23092
38793,5.609804166514839,3.335052881463057,23442
23078,5.045295679785902,0.48059819616856525,19037
20909,7.266547892934659,4.862412479642622,30679
11709,4.179332875485359,0.7926044003361514,16181
36467,9.323792605775205,6.352743778480379,39323
21136,7.175308212927183,6.543076403970087,31750
7283,9.076771000815825,0.6097615911443863,33658
28601,8.937746511964033,4.382340139410698,36294
39062,6.930615879231981,0.9170248793336484,26185
3962,8.522908785399581,15.115701610707864,43738
27176,9.7148180933739,2.1988982643767856,37275
36110,9.906583566442416,2.9194819876203186,38564
39628,5.927333379534069,3.7652097429567344,24943
9640,7.7995857613580695,5.864217119778774,33434
15254,4.1056124575108255,2.4416266594339637,17286
3610,7.980056421221539,0.5018094740235355,29621
29399,7.563532470452947,0.9566137075464474,28497
32513,9.393946648884972,7.718874233985399,40713
7537,8.691806094311847,5.681466151334943,36494
10772,9.487743941103728,2.822920666442204,36980
1754,6.290267329298657,0.8131649696222006,23798
6723,6.602729616980164,9.384122585988676,32056
18011,7.76673365907525,6.134550289913007,33540
16243,4.823690929069354,2.8840475676453146,20240
37674,4.677046518114731,2.358595141236974,19271
6164,5.0127117795146905,4.561196037968635,22317
36250,7.056409687245216,5.326020357557674,30307
617,9.313388779447504,0.6393878013281217,34535
16883,9.3919461134317,1.504892527829142,35537
3872,6.266459416608175,1.9165464614201837,24631
31282,5.728915408384116,5.6136664262309806,25767
20344,8.642028051883385,1.348090091924113,32707
8510,9.57773387161202,2.3501429194872236,36910
12543,6.3054571897872345,0.2441807643393071,23378
36920,7.544890225701163,1.839865985252558,29164
34485,7.056684018094814,1.1953080933550655,26870
8835,6.407839448019306,4.51225606300097,27299
13276,6.007393763933535,1.4438427513788463,23303
648,7.64959485167936,4.211136853103764,31519
33757,6.06768774450996,4.259166944076749,25860
1229,7.568686603785209,1.4891983544973948,28963
15731,6.506461835178124,5.173089231448983,28203
32056,7.503182017691915,3.4491963795218203,30354
16946,8.135386802493127,8.100271680217526,36504
1091,7.858490409025448,8.729672155600431,36032
20325,8.796175702883653,0.41273773809385284,32483
13502,8.891431467608111,2.537977153113666,34596
16434,9.512416699382253,1.8483138460249537,36257
22833,7.511606924099927,11.13439552746151,36783
594,4.078821878440247,4.0947965621126965,18569
11102,5.480346755382679,2.3997666646523914,22201
29670,9.528185560402587,1.7456771288639217,36226
9501,4.7828342201991765,6.3526499410601,22980
2539,4.650132970698467,10.634783554345704,26067
36770,5.60309806076072,0.8263704814407038,21331
15381,4.179510504565327,2.283367090004486,17422
642,8.636232478241638,1.0811779550659033,32466
15633,9.017504378422148,11.974336811343074,42902
11051,5.309674974383594,0.836042514335406,20286
13134,4.548270410607038,0.15394274522376425,16977
13829,8.279281213405692,1.4148117076333075,31456
19993,4.920748374665626,3.583152798465011,21171
25515,9.717994714680252,3.0030177441941923,37956
25197,7.666049698619298,0.3184325951551775,28335
19536,9.343385728439385,4.178550115160751,37587
39339,4.295078563405674,0.9687187094769272,16739
10028,5.46597237640604,10.602597558168528,28977
11671,7.921215479861363,0.687675243206791,29563
9515,5.9156898070907715,4.392060104385698,25428
35137,5.797759453072566,1.6842675981183386,22746
14820,7.982741450272859,15.24449422779177,41899
18290,9.603554931592278,1.6696829406449916,36436
967,4.055025733711484,0.9461485482067393,15861
12139,7.92493496081004,2.7673256736453657,31307
9722,9.176184659737611,3.265275889518884,36227
10560,8.063481499139181,0.6893530286438774,30078
33149,9.904256792889711,16.579297447202933,49924
11324,7.248245719850288,1.3048134310587889,27654
32046,5.563381565199936,2.8843383026253218,22901
18403,6.795261832561727,0.03831188700922872,24969
23131,5.011132781649109,0.09981907320560336,18596
35592,7.752042441492383,6.055682556990996,33418
30739,4.732385190566008,1.6408072811193235,18876
26989,7.168528681342915,2.930812397675568,28718
22523,6.095043356452133,0.07037562616473222,22474
18933,8.401858147252614,3.5064265944900996,33638
34866,8.172744491181742,9.311493747744471,37644
10691,7.8823115784676805,0.4883414103856463,29258
31095,8.343804007404106,0.4471877667305093,30881
38815,5.664878625643465,10.058147241936545,29234
20312,9.276454461460354,5.389394421286244,38353
8107,8.981014863547347,1.355550978805456,33935
18096,7.493796109792748,4.831434336431719,31472
2449,8.508991393524507,1.7893226631896098,32597
32732,6.67359596308525,2.358611934317581,26459
27917,9.438888547925572,1.223403264035224,35470
5591,5.5559256891239635,0.0907381306196948,20553
18799,7.341016270588934,3.4487740976689096,29772
25137,8.440231999439089,9.358669428927586,38646
10993,5.310170187879467,3.404464219883003,22426
37521,9.752579462120336,6.825435507123075,41260
3287,6.167402320253399,2.337535618137787,24624
3292,7.313738496281471,4.927510824868068,30906
35757,9.693875253161124,4.13180500066497,38808
19086,4.338597066212669,5.099003974222616,20337
19019,6.841549140103842,0.05636197577418137,25150
16068,5.521491097717804,0.48742189896226135,20757
25542,4.055265805280598,4.630230308452026,18926
27252,7.087669300046924,2.505960892974388,28074
11224,6.725602874537461,0.8669248027138309,25409
26492,4.637084482453783,7.380043508645065,23309
28766,6.866032611766659,5.458510045199106,29733
37126,4.49274423721405,3.56983083024196,19616
37689,5.311948159768934,3.338947934013727,22373
16010,8.98914199749045,5.83891564281919,37693
27754,5.134447768929797,1.1609982445335674,19922
26942,6.802958256039434,0.7015514764872424,25547
19499,9.741182214164088,0.5883408474377163,36031
15581,7.911543650572259,3.531297988121287,31895
3267,7.436943744661125,2.324470989767171,29184
2893,5.547364029792412,4.151938497906832,23902
14858,4.462608073624716,1.4938881943995166,17783
11797,6.214082371197215,1.2249208017248097,23865
8998,6.4529196819155725,6.49232996869686,29110
11970,5.484307001733564,2.93078330215257,22658
21082,7.352512046650187,3.7758114902222104,30085
37936,6.565289529679697,1.7615930013794372,25572
30659,4.839602899343932,4.985459672336005,22043
34269,7.6469356242084,5.393610640103467,32489
23056,7.649841804035015,2.551361978163334,30136
29634,5.095173523135833,1.991687911350283,20472
29825,7.389774238481431,2.4777592666956756,29137
17734,5.703979764245032,3.55606638097205,23968
39265,4.112059782583883,0.25777877902894514,15489
4812,9.82067540672741,1.424716285422194,37016
14806,6.737399821890872,1.0206317292678984,25578
4535,7.736438144816048,0.24279285686158059,28529
29509,5.260996474642807,0.5164068892508417,19842
7399,8.912056038673127,0.38362175999288967,32878
2079,4.9719519084909685,1.0918726490512076,19284
34166,9.625752489535374,0.18056844942194777,35274
30876,4.988588045949636,0.5246671768236288,18868
9379,5.519846511843784,0.46824168944946565,20736
35603,6.320064670953894,5.206650102292698,27557
18762,5.638320842830379,0.6211688070049253,21289
34009,7.518479599125663,4.876459324338541,31597
22819,8.009780768264605,6.244617832681846,34505
59,4.626039125106072,8.28455588928822,24026
1129,5.764480694518194,3.356025257583722,24021
27644,8.69008610466011,1.3859450420153874,32909
30959,5.954303055526672,1.3005607439164917,22990
24102,9.833466426272452,7.150924056378274,41824
32582,9.795917173275736,1.6604251049922456,37119
15583,5.601780076459326,3.4534806445837227,23516
8672,6.908217962933242,1.5772331042754602,26657
37475,8.87596775252334,2.674190243194059,34650
2562,4.404968187823304,1.9633975223152709,17968
37124,6.832800797091512,1.404886989090025,26239
21428,9.652794583470012,0.006081805114706188,35228
18136,9.74434987238173,2.860197895478871,37933
3268,5.908496568650485,0.9364562370075341,22526
4628,8.085508382593645,3.1242215738733567,32183
34507,5.657653099582749,7.0108398276553405,26674
24135,6.217301102097252,2.828254413926711,25209
1422,9.888942296205428,0.20164287617380083,36243
28357,9.729875937339727,5.062880227223339,39713
22809,8.938410615149724,3.892673134033991,35892
39184,6.418542141105066,0.9178597788946107,24342
1410,8.459697923712227,1.6456370100146422,32301
7175,9.275654638541372,0.6388584136752259,34399
31044,7.463535312007284,5.819981140388721,32184
5269,5.330279730132914,0.781577717745004,20315
18443,5.624290973496077,2.769239105685998,23027
6212,4.744060794713927,2.9224480829935398,19987
14840,8.800736453381631,7.055848823852873,38029
38627,6.158265164885511,14.176363048493263,34439
36944,7.757518954576437,1.6174241578169122,29743
22416,4.671479925810673,1.14839655368775,18245
2805,9.251427114137815,1.3662772474408966,34918
6824,9.979839592424494,3.0601636091218682,38949
2513,7.206595759291017,0.9051492727887447,27172
28094,9.408181340545909,4.79385720126384,38331
39994,5.1503916834242975,0.39211772179988547,19338
18739,9.641884817885213,5.170491015547255,39488
30977,5.68596434691379,8.486343896171379,28004
12530,6.134980201314862,1.2613130279363376,23610
18655,8.53538578189756,0.2968950037971644,31447
34078,9.108056924778825,5.917490834628984,38185
5794,9.486871366886202,2.300764707172178,36542
10700,7.625444924617228,6.407940321473071,33260
25066,6.544382425762903,2.0097978820759583,25705
14152,8.374955913280225,4.833936199139084,34647
2753,5.478588523032991,0.4914577166017394,20609
865,8.23591246969158,0.23444223781447618,30320
37191,9.286365672195839,0.5291094195925705,34342
38232,6.55482871307745,2.818892112692404,26415
39025,5.73392187223304,0.6339535489563738,21641
1142,6.131245448708382,6.892250072139965,28285
38159,8.273662308818553,4.3408150815761815,33868
1022,6.7030878881764835,0.29061262949441613,24850
5376,8.394459377069028,0.6888731444386764,31269
4239,4.918211770320071,0.8310167829130276,18873
29606,7.448112495937677,0.6739936777588315,27845
4256,8.02659236190403,3.8002003992207003,32534
7412,8.319082098006756,6.0117395352187595,35427
21757,6.740516096549548,2.032083854125421,26429
30507,8.539504217217441,0.3212350229544901,31481
28961,8.04133441171193,5.112794732581456,33677
23940,7.871709813276292,7.875379885415153,35365
6165,7.084491771198131,1.5285417508729335,27252
23094,7.532404290775415,7.326422024888538,33687
32963,9.412031457168219,0.8724667477877389,35080
28249,4.533601256803051,0.6237507722525298,17312
1687,6.969608389857455,0.16389688970387414,25704
28256,5.522423110150269,4.701131918292515,24266
24058,8.374444553283993,3.722533788488962,33719
10919,5.289640880427082,13.696197081617647,30917
13840,4.425512691371289,2.416148734963771,18418
30711,6.856093106885379,4.1213555574061385,28584
21536,5.487344971345865,1.5916228003851907,21553
34810,7.255119990216436,6.3177714051943,31849
19046,7.230074185157073,0.5906142081927913,26993
39432,6.50275121867158,8.23317968080371,30733
38169,8.31943080767217,4.12472896148252,33854
34453,5.586026541714204,7.56585361537012,26878
20004,6.717988771481248,2.056437213281363,26369
11110,6.68897580360376,1.890689509535425,26128
3283,7.3073662023394705,3.248846644420424,29486
4234,9.79400248367618,0.8455644406124897,36438
13748,4.103519629994015,1.546154346076265,16533
7960,8.935371818135481,1.8874571870172574,34213
25738,9.739361089760617,0.9043344775873452,36287
8114,6.923800007828774,5.211337677805425,29738
38457,4.984643011257622,0.2879128559001367,18655
662,7.765802215445895,1.998804035813922,30097
20837,8.146912211046457,3.304963418116974,32552
8061,9.450288707832467,5.872769580092263,39384
13509,6.66517523336099,3.348365381383727,27256
1509,9.896476292878067,0.4741448596722509,36498
30248,7.790941245192825,0.30053222342988006,28770
32798,5.854361449486227,7.958015809659961,28171
21189,5.156108686271248,5.157020339639251,23327
5812,7.922442248369025,3.0481688225411103,31533
31334,9.914105123635725,2.6625570962361382,38379
17729,7.127870599784583,2.318822875997628,28064
2451,9.549627507116519,0.03444844195806873,34883
9124,7.097316318759132,2.903421676110735,28442
14362,9.483762488862213,3.0584285215431786,37161
39695,8.33022193241285,0.6884095695974842,31032
11061,7.2809587329968695,3.49637399969518,29596
21102,8.092652680484544,1.6758187122444177,31002
37657,5.122936277963306,1.1455171235085972,19867
2805,5.812480635253818,1.9970909044935299,23062
11400,9.928962459171725,9.66686580649687,44265
30687,5.9547958077647785,6.898998342612364,27651
14810,7.4220664574507325,6.863765969221694,32906
17258,5.2079382857490195,7.889346714058456,25789
4531,4.91641020108748,2.4193181360551903,20188
15920,9.820347761192336,12.866652475844546,46536
34060,4.719985686977605,1.2103476422425883,18472
16174,7.548926880101195,1.1587307442912234,28614
30810,5.721260771013991,4.747837573501488,25021
13743,8.962878345224759,1.637686596637073,34103
11849,5.795714363124331,4.124384476750357,24772
7140,9.84660334158546,0.7244160217753369,36526
6294,6.027154971186819,0.21228387592348402,22351
32771,5.2078322657283636,6.1935946820216525,24374
31390,5.094720337480248,0.34994436715119626,19105
25425,6.532698365997856,3.3509607306372553,26780
34385,4.971232621467238,12.272883313923517,28582
1231,6.323075527559315,6.927822389484606,29005
34967,9.700275795574868,6.037003024677988,40416
17239,4.175723319385751,1.7346049136965553,16950
3641,4.689957493605385,16.23714237904071,30873
3599,4.30226577228947,1.0146246032459798,16809
3866,7.499445247627166,1.2117522398409193,28483
10558,4.289193023039733,1.5361165487980712,17195
17926,6.475625279208443,2.4083521594300445,25791
24080,4.786439426180315,0.5841434498122371,18191
4438,9.006883215268086,3.781518720326501,36047
17782,9.866226446813974,1.8338052522994797,37518
4097,4.070505990813442,9.916648886523074,23383
35597,4.968504277910238,0.9685857417563782,19165
17112,6.566517278197598,1.1149229487425343,25042
17184,9.799198903236068,6.075216014567266,40806
11391,4.20305530144102,1.5832307321215509,16924
970,8.750043610853085,0.9724587796258538,32786
5930,6.691479795378247,0.05075783387473747,24607
3632,9.912192376441617,9.900142071427458,44399
14023,4.542347282062094,1.2600871736855206,17876
37695,8.559962905572092,1.162464374559132,32255
12739,7.705659761233832,7.799156279198819,34706
1750,9.702754424825768,0.8900228209550227,36146
32270,8.54163526337317,0.5293344789706408,31661
15907,4.487241930304683,6.814235810617897,22300
9924,4.749396453091744,12.028971067906054,27584
39786,7.796584684755852,0.10509686161430298,28626
28098,5.380048619301668,5.781867696510582,24652
29942,4.389879718753958,4.200080375095351,19772
1007,9.670337035577452,3.03955155617014,37819
14853,8.672641585081301,2.9005486165007484,34109
21147,8.64696591691822,0.9287909574952837,32375
8404,4.977326851334063,1.7960654618918575,19889
7708,4.57202559356193,0.01069542431167568,16943
6323,8.133157537662317,7.3230063672621935,35848
18405,7.113021987395781,5.743549085122062,30861
39658,9.87299925951216,5.20928479548797,40349
22290,5.082563688510955,1.8679649000892375,20325
29695,4.411842131205036,0.5186399948824056,16786
22239,8.719067495109437,0.04720944192820391,31901
24334,4.007010681277291,2.64850998113919,17103
25100,4.41072307564408,8.390814477748428,23335
25531,5.875590195488645,7.14824360743492,27574
3689,9.463274152907283,12.045782564121843,44567
30012,8.854618966740281,2.0939756722438845,34092
30703,8.3762710006343,1.091224637561764,31534
1427,4.616799213226211,11.370224126744986,26560
18272,9.39911450103691,3.249956207973491,37015
16251,9.223595244637693,0.3703468231382804,33987
15063,5.959728848252208,4.872110740309299,25984
27238,8.04936969555714,1.1545631597545163,30411
29371,5.1590158585864625,0.20898984047400734,19218
11719,8.436164248515267,5.8677971769948325,35728
29114,4.949793669526194,2.7662620230486032,20594
36271,9.993192463269613,0.5219847453511662,36880
2082,8.969778799585029,0.19279666147563598,32927
29208,5.695665550795921,0.9663434273114296,21781
14816,4.466756077032743,0.33045401403641916,16830
12664,7.502973221363666,0.24657320607318156,27690
20012,8.746738823530642,0.30631218881881184,32216
25446,8.95155197464265,0.6027483625554236,33200
23285,4.170437474866155,0.5514756369262539,15946
30339,5.151912041341017,1.7694022750743015,20492
34333,6.496459346473285,0.6128378091450377,24370
15903,9.328582962025278,2.0032498008447863,35724
1397,5.071267351772435,2.8162544055344982,21077
30000,7.5435771196194015,5.84147673322133,32490
13453,6.7913841882900225,0.8011195382030799,25590
18012,6.819494020286629,2.761479127443516,27322
13772,9.905351160882063,3.1618561964505414,38764
39013,4.168329672293753,10.505568723313104,24221
15473,8.51019554232725,3.7398097055505923,34224
24368,5.762134604532733,2.297815575171689,23129
28990,6.74099249419109,3.636391061960225,27767
11000,9.135048989743177,2.0517744812321865,35068
29064,8.32030150731634,10.137155322704126,38862
11426,8.968577154110815,1.869915753529234,34317
23048,9.834786894916512,1.319733733370086,36976
34692,6.08048757720381,0.31613683530607944,22625
3284,8.849894869414761,0.20056006034488305,32502
23094,8.563270453126739,0.5486358328759721,31756
5368,8.697160807590912,0.2723306947748002,32012
36935,9.146109138598057,1.3445574037012038,34515
12818,7.3159492662219705,0.21586447753521162,26991
30071,5.730833516359435,4.4508813791831985,24807
11461,8.291639837162597,6.967398264575409,36123
15082,4.373210896864238,0.9783860880664832,17032
29519,8.88139124621631,2.53660495366211,34555
3052,5.0427739207696245,1.025084935332573,19483
8776,6.981733964952441,3.99275533280134,28932
9783,9.544992519363873,3.124874553331029,37437
33170,9.501496208268241,1.659835106176954,36058
15634,9.020394292123221,6.4289881281088,38298
27590,6.979881965450575,0.435600285352832,25962
10116,6.362700434825459,2.4217331145198515,25395
8753,4.859558291067068,0.8729409184112686,18696
18033,4.851331636210359,3.343828895047686,20722
14248,6.891204073754347,2.252411268353778,27157
28860,8.236486134907496,1.6648051852279926,31508
29433,5.711218059833343,1.9018637542370467,22616
32807,7.950098676263674,0.8530228735131473,29802
1685,5.5236668331586625,0.4949165625255234,20772
25508,9.614630379285565,6.662855311180883,40630
8355,8.242154660259882,2.7891697446529315,32469
2683,8.99657721693216,3.5601030445316235,35826
39941,8.415265976944152,1.1446797048318997,31718
21811,9.787090373336309,0.3698773091280214,36014
31148,6.072849016353304,8.686454707825272,29563
34979,5.653515925496407,5.031262758549025,25012
31282,6.819221749430808,5.012651896441819,29192
37936,9.634328364041693,3.7702304657103403,38293
31492,9.447024619764623,1.0547913319404802,35358
35700,8.31267661041155,1.4259436251320279,31582
13986,7.866473674553164,2.274599677361027,30687
30937,6.442238757874653,5.289139584477011,28066
26839,4.1133157970548115,2.301250590141027,17197
34930,5.714443887525551,0.7417081045514338,21661
1104,5.53683339017106,1.0780481934968942,21306
33855,6.96109159666225,0.2587059278375268,25747
23203,9.306508582939937,10.403556280904544,42634
37749,4.508411061834227,2.3086590653413537,18622
16915,9.852037367849952,1.4353108031779773,37135
38847,4.070262693682938,18.64587850069845,30643
3861,6.568679422460946,6.125542049114188,29220
20638,7.54219019733241,6.326739728271497,32891
37397,9.830811760335088,0.20492554277642847,36033
16894,4.362344395714237,5.401624636129446,20673
3614,7.818206427122571,1.6083235881901077,29959
26070,8.237301862610032,4.210254047255582,33631
19539,8.370851303856456,3.666529872050205,33660
18373,8.560614288006812,1.3250318158547252,32394
4961,5.607384153639876,1.0996828253172124,21577
33752,4.4829256925741365,2.433973170909836,18636
8864,5.068799587245896,0.180466444397535,18874
33755,8.21818410970944,1.0705827862222952,30947
5910,8.271501742673074,5.6000599352739915,34913
11544,4.7095442544718935,3.1494201645091833,20050
6346,7.902533789550825,2.1212609654267984,30690
38012,5.7864903744537095,3.7192974709172666,24398
6913,9.538247437161221,2.649027219802602,37018
38504,7.077629894504541,5.6610395353462755,30662
36964,5.816811321034223,1.238036709933418,22443
13741,9.450763505454383,1.1260790443397277,35433
15848,6.478548867485273,0.4304931291144439,24155
4911,8.499314740134,6.896479489674359,36813
14101,6.9274585092716086,7.842158614571052,31939
39046,7.783665178523853,7.2327205938092805,34511
23051,9.95867181066573,1.5821065840948576,37640
1568,5.384131741711022,6.134953749716216,24965
11926,8.140499804399932,2.336462007310407,31725
28894,8.414040019238302,3.0959943420148286,33340
38479,4.559429192325057,4.615386973988858,20727
26593,5.062361584165078,2.5389172256805015,20811
34139,9.556861594689881,0.8348079518280752,35571
18269,9.731735534482185,0.4639566431340067,35894
22250,6.73547324329671,0.7319967895241177,25331
33563,4.128428696210357,5.538818200243952,19945
19092,7.276327730078764,0.02372814230540075,26688
12584,6.637902194079522,5.582212191108111,29017
32417,4.4807785624904986,0.043287414940860254,16639
23324,5.874440089527254,0.4450455254745291,21992
21594,4.405455905560043,2.1429711452510283,18115
10189,7.191017114401275,1.234456295265808,27390
27416,9.610601052239527,3.159324369008919,37700
6021,6.736027173318852,1.8472610981470594,26262
22796,8.291084430218811,0.6802745397180423,30886
32409,9.983698012352864,9.163652978373422,44039
29839,8.426552819583478,0.3495157369015342,31098
32065,8.28028676406715,1.3574283300682422,31411
29095,6.68871501538489,5.206363730711371,28885
36912,7.466846240141445,1.5438326885401645,28636
11809,8.615457515425911,5.336571944230109,35932
7505,4.200971237827339,1.0443325342575775,16468
39511,8.064562323612275,7.640285822205194,35863
26993,5.269956328754386,0.7983138754127111,20109
14746,9.870103383894826,0.19506740400465372,36168
34544,4.527422337582554,9.398775835048786,24593
24018,5.9872862769849675,0.4787824653107547,22426
17789,6.1294958223722515,4.085473874424264,25940
16570,6.324051162022665,1.897413858442102,24820
26203,8.440262256632613,0.8955402856384841,31602
25276,6.0056120045559345,5.148689164219863,26378
27719,5.081808997079451,0.06916591669049926,18824
26040,4.823190426165733,0.8769537925219875,18566
7883,4.031125056376491,0.2138818810560102,15166
28110,5.5057336000330075,10.184144437208868,28770
6013,5.6082607970875475,2.763527660934758,22965
4861,8.996437393590863,4.804545712022023,36862
12489,9.419463782616013,9.876013370739578,42603
24324,7.414669034309764,3.039667632892358,29696
6677,5.236188287349576,11.298282434361292,28729
28403,6.160493826255373,2.9257782772641288,25085
6186,7.896005054979348,0.1724046353827056,29045
26818,4.9334991127834495,2.128264837666197,20005
31351,9.211850359375081,0.4675760395358314,34023
36813,6.478677198796361,4.4075601371906075,27463
5282,8.074275150689964,4.672721557683737,33432
26218,7.514188046184896,1.7425185479452951,28973
35106,8.292080756425896,3.3151278542704987,33081
21335,5.536103024839038,1.3359566771532587,21516
12118,5.751439301719457,0.8456088398403436,21884
13124,9.826176831722453,2.8088663336751623,38186
1478,8.08205179999171,0.1860709284278058,29727
17741,7.831293941653463,7.268067029261282,34715
20580,9.686335885852559,0.03473867002053243,35372
26668,5.830810894772397,0.6970322317059549,22044
13719,7.508529266034788,4.442286859622088,31202
11315,7.199875172574801,0.4189537971251808,26743
8068,4.149688057451543,1.3320659762004123,16523
28930,6.552012047404615,2.4382507486233718,26089
21367,8.094672864751221,1.5590737039580078,30912
5694,7.428518866800285,3.614905299411417,30227
39553,4.639709089532318,4.286614922029195,20742
37844,4.564602392658849,3.9093037475612844,20157
2736,4.030654467093818,0.7210694436384928,15587
7637,7.961660611540898,0.6155212632343383,29650
14611,8.782126694765735,5.254314590530897,36463
18893,5.386632310237855,0.10984839188299443,19957
39580,4.062590284061031,0.9298238099836266,15870
39657,9.057993718269891,0.7365130849219992,33692
35868,8.047105498429879,4.200357909876161,32936
12163,4.551406974899974,8.79546050139099,24181
24500,8.414835620362073,0.4763226418704645,31162
32888,5.410146896749702,0.0019464788769443082,19950
14629,7.5526194298963905,6.0968455507950745,32737
4317,6.36257382075074,1.753117343830903,24840
38040,8.041850683051855,1.4509853801401202,30629
24569,8.809359184575408,1.4679325327344752,33408
23578,5.003499850251491,0.13178831077839795,18596
31849,6.598553749269195,0.7101087753708809,24818
17862,8.686030706072014,3.125623076798203,34346
8409,5.561325037308911,1.083112964855614,21398
5247,8.374242213183706,2.3736585028954558,32598
15327,4.63325713446999,0.011734561851294689,17164
7313,4.242462969014102,1.4390161047369272,16947
6282,4.700585253758231,3.5513153304349183,20354
31427,7.020268756979935,0.7157407502762366,26340
6765,5.173946338293332,5.859003017056668,23978
37863,4.785405210701614,0.09197216550766477,17775
4030,5.551004603874171,0.581665475116618,20944
30136,5.506949566384563,0.892159074508891,21040
37588,5.728359784367315,4.129336054673705,24530
5118,6.871382957525787,1.6515704986137454,26587
27346,4.616717491210521,1.2386911015858308,18123
14405,5.161984326573251,0.12711750559897864,19163
33498,7.677696686248949,3.7090895640257777,31198
36796,5.736381396244964,3.9796101944636204,24434
11646,4.354397934382906,1.468662616469456,17373
34608,7.682202002867557,1.7097851066659024,29551
7484,6.480200935451169,3.6495099589983644,26841
3712,7.159892272825515,0.7729491792099593,26894
36119,8.74713621114974,5.184315461914449,36276
11362,6.554972577578358,2.880399691158332,26470
2170,7.486429590558117,3.817558594608472,30604
19895,9.079995026637363,4.231474216894895,36683
18739,5.739460755101398,4.623823018159663,24984
27651,5.712000336143077,0.07471160861524893,21099
23769,4.633736297360246,1.4811749093947137,18388
7855,5.977141684154191,4.354948211888127,25617
39054,7.790528863430167,1.1223720917913813,29451
10258,9.934363611666177,1.4458501712273149,37440
10057,9.370145252846537,0.41714299353454104,34554
22197,9.838948243289618,7.765175185678842,42356
31560,6.767062777303027,6.480270147068966,30226
16512,9.877820578645391,0.4204497265689482,36384
2751,8.839886280847653,2.808282036850929,34636
34892,7.05432588560424,0.033992071578272394,25896
17818,7.760015884219705,0.13329419098698142,28520
2318,8.476769800903892,1.5438491955137157,32277
31316,4.179100467484234,9.022936459640874,23026
15709,9.505520456550315,4.08385367974263,38093
7391,4.956249643229801,0.4646159698206306,18705
4543,5.017213558074161,0.6187682624284981,19053
22883,7.238360382313279,18.957096455875817,42308
36000,6.946902273238719,0.03212468054916142,25506
17893,8.095252826727943,0.6735397657129747,30176
32246,8.156627460212807,1.8659222576759662,31387
34386,4.702433164062754,1.5449233113891787,18686
14923,9.752199288590845,2.930923192206232,38021
5564,6.4933913129289955,7.694720238150499,30257
17859,8.474035633718177,2.4908552620043722,33054
18071,6.8069551232854755,7.621955461465981,31322
23492,5.167857923697885,1.0004914254105657,19911
27458,4.343655240336977,4.089455747149983,19514
17081,9.391035271413102,4.356254959536302,37907
10127,6.946843409495166,0.5275949513765374,25923
8379,6.550090328237626,5.802928065559588,28885
32469,8.594774192523733,0.22626123883831262,31601
19848,9.543951686365633,1.2882312259734476,35904
16402,5.7814236079799315,2.716725531083404,23548
31030,8.255033950409715,3.102712538126965,32771
19,5.842154001700063,0.7598490583182306,22140
9653,8.261193380433767,0.6939253516015021,30792
10114,8.384764023373899,8.556693043908671,37782
29262,5.903060383232158,0.09981211060813032,21807
26529,9.920072201335124,1.5318624000326768,37458
21549,4.831920211767604,1.508810029933686,19124
5652,5.22573536544038,2.097314735148775,21035
3196,8.974015143579571,9.248294244818553,40479
15845,7.004610008969675,4.131047566520257,29129
39336,6.898800558464331,0.9674206906192032,26112
33728,8.978750458406076,3.784100850628762,35945
16991,6.658531430055609,2.0695323379358848,26168
12486,6.582786192162102,1.8769760315863278,25735
24013,8.528769276557362,2.5563782630253313,33303
2279,7.149534136320536,4.5294673998363555,29984
33966,6.968533328455449,3.087214499252743,28128
12044,7.934717616259506,2.1242311770070352,30807
16520,4.790631763485571,5.106456468328219,21969
8079,9.29206423076838,1.95430087472513,35553
19644,8.235551509246296,1.3459448060533221,31242
14751,6.94833122749727,2.4077127921842814,27492
16756,4.695033600682413,3.278662864938791,20105
8554,9.621702170474343,4.79530473594036,39104
6462,9.9103544635373,2.970514070474383,38625
13553,7.377820326143243,6.196756381982029,32192
18069,6.176671053222408,3.243179735181709,25410
27697,9.227100527808961,1.7525206846383068,35148
24491,5.0290475965237285,2.1865670611440113,20398
35823,9.980629315269876,4.681253446415839,40297
25012,8.334014410716147,0.09284758399786978,30552
423,8.218474023928472,7.274501238797741,36117
16486,9.469136399376165,0.9203561543093137,35328
36403,5.423867361303911,9.115295530754462,27584
8975,8.500427877935472,2.464150774423226,33128
37245,5.246893336083272,4.09700426806863,22771
33250,4.882027465826047,2.19824956048192,19876
20722,8.628452279233468,1.486571995046091,32774
25401,9.76801243623399,1.001763666336159,36470
847,4.607650938178942,1.3175657236076774,18160
35711,6.194793733186291,9.82623918790552,30951
12675,9.23503669442487,0.937261050022779,34502
23919,6.544207287357483,1.2561506110565284,25077
14361,5.011800025826339,1.1126789893117097,19443
719,5.090758991913891,1.016698542363063,19649
36285,7.648652423638921,0.8719420455471306,28732
16595,5.5270958651861495,0.5490169667118482,20829
36501,8.906327934902423,1.275668417066395,33596
13875,5.742414423630551,1.8719931149229547,22705
14750,9.22655449396897,5.12962331783132,37958
12227,4.74610017270484,7.481745699303524,23788
1158,6.988061873673971,4.4747434152751895,29357
33756,6.15547766818767,12.868159657435646,33341
9251,9.906724919865992,5.308078210237787,40556
25210,4.287695866038099,0.23073784853794735,16102
34852,7.243619233209738,0.33252102812890433,26825
15498,5.473950165336802,4.056434060736949,23557
28605,6.678708555108271,2.301483138430865,26431
21143,9.923663396198068,0.05087130845696226,36241
745,4.165060374099964,4.490282874962749,19209
15139,5.031527242012338,3.78515938959035,21738
10475,8.931847701719487,0.8694962278377443,33353
5758,8.965332797535448,2.6065621768463756,34919
22281,5.801022640313027,3.2983091163257168,24103
16067,8.990510166969969,0.0004612189259791844,32840
15617,4.225930453709771,1.5200861627428275,16953
34125,5.985404221764558,0.03890764452683223,22051
18791,9.578225982449137,2.0302067189249384,36646
5302,4.862097419616465,2.0785359037212596,19710
37350,9.942177503222442,0.8495323421216185,36969
12079,4.9033942702279205,5.090374147002274,22363
14238,4.339205926295006,2.4301819527419997,18119
35249,7.095413501270195,3.4359786508870522,28875
5510,5.733202026909169,6.864478463346549,26828
24981,4.332179562930627,1.184546755879099,17055
7074,8.288531560007106,0.2910880654695653,30556
27066,7.034626273943639,5.392053501070171,30285
17436,8.421271891841059,7.502160928212754,37033
14236,9.616829556895336,4.405621527180421,38761
28804,5.032606628008251,8.369937461725687,25555
19018,5.344966235610809,0.3418224148256374,20000
24475,7.921929913567781,5.26630460500695,33374
14442,5.256501775985552,6.614567669707276,24904
20368,6.352168069007984,0.43287758017812983,23702
34293,4.087448861265902,0.8891170385437198,15926
21918,8.552097505425017,7.102374896336059,37172
32020,6.510244250554866,0.589748626163837,24398
5985,6.946212632258881,4.043252702295557,28847
11714,8.036578816754409,0.518834918785301,29838
10378,9.007306972168847,2.1717396724249607,34708
22104,4.50705230392932,0.8412938155214894,17399
23974,6.471683322343969,3.8872320451450744,27007
17875,6.542110587117451,3.026875541635761,26545
12658,5.890213962579809,5.428252353642512,26198
14159,7.133140400688934,0.7185055806179677,26751
31721,8.861262854596376,7.3430043572432,38484
27507,5.455851296299453,1.3447762654345023,21233
